F1,F2,F3,F4,F5,F6,F9,F10,F11,F7,F8,F12,F13,F14,F15,F16,F17,F18,F19,F20,Target
3.1236203565420873,6.7454042850493625,3.462832322096549,29.152654281089745,258.31939786151344,1,2,1,1,103.97197148025555,297.7135984124849,21,20509,5,5,3,5,1813,12,747,530.0
4.852142919229749,6.340240915860301,4.3547523684458955,28.83345502103785,257.28851593504,1,2,2,2,100.5483142086122,301.30460467187595,22,23016,4,4,4,4,1815,10,746,530.0
4.195981825434215,5.77381904071582,5.182364589691021,25.205136526451486,303.43782063647257,0,1,2,2,91.52738103838118,318.4546326940981,27,22727,5,3,3,6,1841,12,720,530.0
3.79597545259111,7.0344875492673715,4.830562216023903,27.72998262100925,257.46823398946543,1,2,1,1,80.25857431158842,295.30019737269515,34,18681,4,3,2,5,1909,10,791,530.0
2.4680559213273097,6.711827931384699,5.016402869653625,28.041564950286855,259.0364808290042,0,2,2,1,99.84956887603255,319.1342358165477,30,21932,3,3,3,4,2077,11,820,530.0
2.467983561008608,5.406542348362228,4.646958416776793,28.190582247175204,293.15787836925745,0,3,2,1,91.42503954248973,283.9660493939511,32,20129,4,4,4,5,2123,11,815,530.0
2.1742508365045983,7.277317961234607,4.730691411294631,29.64137895381866,271.4817889715378,1,3,2,1,109.3843320284214,314.95592967438836,26,22849,4,3,4,5,1818,12,849,530.0
4.598528437324806,7.056343107307923,5.122989128913298,29.26882037381503,294.36973898686267,0,1,1,1,80.95785061081934,318.1396434874631,32,23560,5,3,2,5,1865,11,848,530.0
3.8033450352296265,7.37449978322981,3.6241700221479647,29.863240742347557,244.57563102950698,1,2,2,1,103.39311245223163,288.18179437768026,21,22016,3,4,3,6,1966,12,700,530.0
4.124217733388137,6.8142987709709,4.223562409107851,31.119066092337025,274.1299835571369,1,1,1,1,117.65896950024262,299.365593956749,25,21302,4,4,3,5,1872,11,776,530.0
2.0617534828874073,6.533537989839475,3.5530236045490056,31.503885909728748,242.35295201282977,0,2,1,1,86.97637068445998,287.4474898598645,28,18719,3,3,4,6,2199,12,784,530.0
4.909729556485983,6.045607590726547,5.469170019991617,30.744984609811954,244.3857242418748,1,1,1,1,98.86597963002382,311.7971858047398,34,18074,3,4,2,5,2109,12,745,530.0
4.497327922401265,7.331821208385033,5.360148349216534,32.64418956763948,303.4506217341088,0,1,2,1,83.65687967268553,304.09064956277456,23,19293,3,4,3,4,1911,10,836,530.0
2.6370173320348282,7.165159723751021,3.0985670284212645,25.145860661410893,249.74717597823167,0,1,2,1,105.02727649045411,308.58955060187446,28,19922,5,4,4,5,2073,10,844,530.0
2.5454749016213016,5.1130466752654735,4.763937931289221,26.566223885468368,277.2694477592652,0,2,2,1,102.02126722384902,288.8419135130295,21,22157,5,5,3,5,2172,10,746,530.0
2.5502135295603017,5.06591743624313,5.313120793539165,25.060502999825136,268.7766921820495,1,1,2,1,96.2946209685133,289.52856379235885,21,22969,4,3,3,5,1884,10,758,530.0
2.912726728878613,5.941158417195124,3.451438362818334,30.179797713236823,264.314032838119,0,2,1,2,100.85508085894965,281.86737964794577,28,18319,4,5,2,6,1938,12,753,530.0
3.5742692948967134,7.026383326954582,4.419863076381573,32.1842443915999,302.9883341981091,0,2,1,2,115.86298633876041,294.49303908380784,31,20149,4,4,2,5,1838,11,785,530.0
3.2958350559263474,7.468190323287361,5.288720743970105,26.947858372610394,241.52763777428427,0,1,1,1,87.85177209244269,305.1885097600154,26,19452,3,4,3,6,1904,12,711,530.0
2.8736874205941256,5.376042227758821,3.084864946464497,32.41627635837045,286.4652780322912,1,2,1,1,80.90258046821388,318.6070711298798,26,22969,3,4,4,5,2123,10,705,530.0
3.8355586841671383,6.485326788380338,4.7435506681171,25.482139122316486,307.43761039494854,0,1,1,1,114.46659538796405,310.0117351356406,20,23841,4,4,2,5,2080,10,752,530.0
2.4184815819561254,5.952227141577554,3.743372518431377,32.47548821444411,279.2117728423289,0,2,1,1,103.08468329551626,299.5928345529888,32,19555,4,3,3,5,1922,11,843,530.0
2.8764339456056547,7.424785994536508,5.310990488441326,27.812981497917075,305.57757234231644,0,2,1,1,115.6263382184737,322.8904051477362,30,22207,4,4,3,5,2017,10,789,530.0
3.099085529881075,7.105297307839272,5.42764561291342,25.81136662759373,243.65805155002167,0,1,1,2,103.8778089365269,312.3660340259124,25,21032,3,4,2,6,2176,12,704,530.0
3.3682099526511076,7.095821761777845,5.360666222783585,28.886974073490606,269.3155323351913,1,1,1,1,112.40644359838811,321.85743412881476,32,18460,3,4,3,5,1860,12,772,530.0
4.355527884179041,6.171732899487425,4.1855355416436595,27.054212541764063,258.21104536734356,0,1,1,2,97.18693453420592,303.74145879724745,26,18886,3,3,3,4,1899,12,713,530.0
2.5990213464750793,6.037048755844163,5.155106627473284,27.278983215695384,291.1574675486511,0,3,2,1,109.99439725153076,291.65069236569127,30,21533,4,5,4,5,2106,12,805,530.0
3.5427033152408347,5.683517679826766,5.111373496337675,27.45831971941029,308.69079633480726,1,2,2,1,116.52165867559424,282.3772008864125,33,21936,5,4,3,5,2153,12,751,530.0
3.7772437065861273,5.140938741627318,3.797751183108139,31.424207182661306,257.95710437109733,0,2,2,2,102.88491854888825,312.6738183167733,25,19115,4,3,3,4,2192,11,815,530.0
2.139351238159993,7.161805940637633,5.0722886853766935,29.313290213402034,285.7922221031852,1,2,1,1,87.23140602249518,285.45863491024903,25,19075,5,4,2,4,2003,12,725,530.0
3.8226345557043153,7.032252522825194,3.0925190867887316,27.49046159324803,253.8668342931818,0,1,1,1,90.75190460120793,293.6248807722385,21,21876,4,4,4,5,2057,10,752,530.0
2.5115723710618747,7.499294183215326,4.490674696205133,29.882670266487345,279.57311782001267,1,2,2,1,87.94578307589623,303.9611908547754,25,22615,4,4,2,5,1804,10,808,530.0
2.1951547789558385,7.491592092684764,3.575022093219258,30.72920539378555,272.4752740681835,0,2,1,1,89.87428110382932,305.39874645008865,23,22907,3,4,3,5,1996,10,728,530.0
4.84665661176,6.388579264006569,3.3014172144431972,27.18099200586827,308.0403730742076,0,1,1,2,92.25661797404146,307.02624386442113,28,19924,5,5,2,4,1979,10,718,530.0
4.896896099223678,6.922468537951277,3.192383004073023,28.30839281220281,282.5969090887527,1,1,1,1,102.20535147012754,287.48148986573653,34,23700,4,3,4,4,2141,11,746,530.0
4.425192044349384,7.3619143247060705,4.74072193969535,25.97508874669558,264.4654460460773,1,1,1,2,103.51966517855331,297.0881832169742,31,18926,3,4,3,5,1932,10,835,530.0
2.913841307520112,7.124118476693528,3.8496874094201656,26.449194796277443,247.98670494215534,1,2,1,2,97.05998988967444,307.7737402202635,20,22652,4,5,3,5,2123,11,722,530.0
2.2930163420191514,5.618370254357994,4.811916928821904,30.44894283171986,250.58727801144542,0,3,1,2,104.61683119283342,323.64184890852033,32,20281,4,5,2,4,2052,10,816,530.0
4.05269907953647,6.126360338275234,3.163390851997356,26.451506781565016,255.77218509658647,1,1,2,1,83.26299702445463,312.743401196486,27,19055,4,4,3,5,2064,11,805,530.0
3.3204574812188037,5.3228985378787375,3.788225844576526,29.20130706933648,257.5676662938209,1,2,1,1,83.5115294823264,321.5171690692281,24,22674,5,5,3,5,1892,11,752,530.0
2.3661147045343363,7.385127568146806,4.3487282309383435,30.672370093779463,299.54312404887963,0,1,1,2,86.87317841430634,314.299542624138,20,18541,4,3,3,4,1949,11,795,530.0
3.4855307303338106,6.5154365861272,4.976807912097409,25.85501538475795,279.28559517977675,1,3,2,1,100.7230999216138,306.627263600158,23,20161,4,5,2,4,1937,10,704,530.0
2.103165563345655,5.571607013758657,3.796881257330175,29.53849775703123,276.63736379620565,1,1,1,1,88.55978714793254,288.6410516111355,20,20251,3,3,4,4,2007,11,715,530.0
4.727961206236346,6.679251711014642,4.564728441092523,27.052502269610912,248.03382103084522,0,2,1,1,91.3313761397031,310.00085433516307,25,19052,3,3,4,6,1924,12,716,530.0
2.7763399448000508,6.54532060114474,5.214944370590468,32.70341500190064,300.20977853446044,0,2,2,1,96.01251344691977,308.0520804681958,21,22569,3,3,2,5,2033,12,801,530.0
3.9875668530619457,5.895406795082101,4.539657970455761,28.868365173759397,290.59700122459384,0,2,1,1,112.47464496041519,307.111112670577,34,20744,3,4,4,5,1860,10,719,530.0
2.9351332282682328,5.283893980499073,3.5823986868840842,31.447940398201265,244.7367853330001,0,2,1,1,80.5544854365144,302.04036405947085,24,21869,4,3,3,5,2106,12,811,530.0
3.5602040635334324,6.678932988981999,3.061001953891345,29.401812337250092,289.5484568060838,0,1,1,1,105.9751528094649,303.7895471795174,26,23000,4,3,3,5,2065,12,819,530.0
3.640130838029839,6.300769252259483,5.175247184752324,25.34730026283855,278.0476752139852,0,1,1,2,106.75506124162742,295.0499137203147,21,22481,3,3,3,5,1933,12,810,530.0
2.554563366576581,6.9307959793390985,3.053173527125968,30.06521100475218,245.72077420227447,0,1,1,1,111.94623121426545,303.36907116890364,25,22157,5,3,3,5,2117,10,700,530.0
4.9087538832936755,6.300408752779983,5.186754181710499,32.611226737653254,272.08104490700595,0,1,2,2,117.31011756241253,288.8900157555315,25,22610,3,4,3,4,1912,10,757,530.0
4.325398470083344,7.130453750796351,4.32234283506803,29.81289456117065,273.92874009910327,0,2,1,1,80.8055139579716,316.23284788121697,24,22525,4,4,3,5,2188,12,792,530.0
4.818496824692567,6.379767096936214,5.347669246282241,31.55351087541432,251.6042178114293,1,1,1,2,86.15134822052865,288.35996296144185,24,22675,3,3,3,5,2177,10,705,530.0
4.684482051282947,6.402344928838466,4.996958089434163,32.07365170678726,306.1988702900197,1,1,1,1,115.44685176223973,283.82348304502597,33,19560,4,4,3,5,1990,11,807,530.0
3.7936999364332555,7.191634006645863,5.494835276333344,26.82463817559146,299.4982760036463,0,2,1,2,98.34074248748061,299.63107118607206,22,21762,3,5,3,5,2178,12,802,530.0
4.765622705069351,6.008707165530993,3.8767795386292754,26.696358719265813,286.8315636130376,1,3,2,1,102.58362555733854,309.6238347777728,34,19164,4,4,2,4,1986,10,749,530.0
2.2654775061557584,5.3350380711266014,4.9179707223278175,29.887847910807935,272.3606892700425,0,2,1,2,106.5210881489259,299.6972571220094,29,23419,4,3,4,5,2118,10,817,530.0
2.5879485872574355,5.071956690783347,4.004827284023105,28.288227758453637,268.8235879109156,0,1,1,1,107.1626641798255,292.45393593780886,34,20722,5,4,3,5,2166,12,809,530.0
2.1356818667316144,6.887843139184048,4.199689050759773,31.71889042293376,285.5681427005668,0,1,1,2,117.26961613266033,305.11770327506986,29,20358,3,3,2,6,1888,10,787,530.0
2.975990992289793,6.550773878383662,4.568763658045925,32.20018498718409,278.18023085848336,0,3,1,2,119.87797669646679,295.615105093549,30,18470,3,3,2,5,1986,12,719,530.0
3.166031869068446,6.760199420248059,5.1841927854658465,27.827371034421745,244.359117411732,1,1,1,1,108.80629843723761,321.9790460556985,31,19416,3,3,3,5,2106,10,713,530.0
2.814047095321688,5.5324104037722766,5.460208672998238,26.894964471795856,275.8751854139232,1,1,2,1,91.48884836820604,321.51903128216077,21,23761,4,5,4,5,1931,11,832,530.0
4.486212527455788,5.340928688966924,4.920683534661295,31.244204121950894,296.4482532062988,0,2,1,2,115.19009609177374,302.6067318987443,26,19468,3,3,3,6,2159,12,739,530.0
3.0702599800807677,5.036361664169704,4.044416955418335,27.198448284385087,272.14679143178705,0,2,1,1,81.96883658163047,294.7547797308216,20,18808,5,3,3,5,1922,11,733,530.0
2.8428035290621425,5.876468897016492,4.053392505692676,31.580914548109426,243.6369604287988,0,2,1,2,89.24323411497986,313.17095862804877,25,18171,4,3,2,5,1847,12,823,530.0
3.6280882494747453,6.474794217136583,4.843955753972229,28.3899060291901,295.0394739568823,0,1,2,1,115.89542869854859,281.652082456738,25,22126,4,5,3,5,2087,10,744,530.0
2.422772674924288,5.98061011274933,3.5969428644207557,30.340399194331763,254.09546474951821,0,1,1,1,90.2476605775742,301.3646052719643,22,22142,4,4,4,5,2175,11,779,530.0
4.406590942262119,6.093687305059323,3.2761852828284868,25.764282510677347,258.1034584421627,0,3,2,2,88.82604238486994,295.134552742165,21,22225,3,3,3,6,1978,10,770,530.0
2.2236519310393126,7.260396736234371,3.8865553941019413,29.990874597412585,251.52944474026071,1,1,2,1,85.52501172560989,321.42411482961495,31,20399,3,4,2,4,1979,12,777,530.0
4.960660809801552,5.870638667558251,3.7180974791352046,28.614141429897835,263.11505454100484,1,2,2,2,114.36447030587667,280.5401362272707,21,23073,4,4,3,4,1898,12,777,530.0
4.3167343078899725,6.284973722899527,3.740770301139975,29.692867705403792,292.97260539820445,0,2,1,1,100.00233036764347,304.8766694073257,33,19645,4,4,2,6,2129,12,732,530.0
2.5961470446025174,6.959132531852857,3.5840193776247746,26.344113661958907,276.3570101652756,1,2,1,1,106.99572812216618,313.32986114799814,32,23700,3,3,3,5,1833,12,732,530.0
2.016566351370807,5.991356955803175,3.105232974090905,30.894989959553456,254.34168919054989,0,1,2,1,89.56265536300118,301.82580943858187,28,18057,3,5,3,5,1869,12,743,530.0
4.446384285364502,6.5552167505696834,3.0446848368335346,31.902376620345827,301.4481054706429,0,1,2,1,110.32161684044866,283.84313635732246,30,19129,5,3,3,5,1970,11,719,530.0
4.120572031542851,7.155909271866863,5.469305974340079,26.733918400726203,301.57072984660704,0,2,2,1,110.40022179848394,323.7607625512556,24,19353,3,4,2,4,2165,12,810,530.0
4.187021504122962,7.3738015591441055,4.069432834339656,25.765716444161292,300.9404897532205,0,3,1,1,92.503920996332,303.31046941192443,26,18767,5,3,4,5,2071,10,706,530.0
4.313811040057837,5.367683702322595,3.960816617899204,25.18910868837069,256.71573479670775,1,3,1,1,96.4273053204113,307.6383809943555,31,21895,4,3,3,5,1858,11,723,530.0
2.222133955202271,7.316469062903736,4.699118206732675,30.13577200354613,271.58675409266914,0,1,1,1,88.38761109720804,290.6474402218378,24,18682,3,3,3,5,1980,10,769,530.0
3.0753971856328177,6.230290732698846,3.5456347196626603,29.856752288710247,308.94927592986124,0,1,2,2,119.06244093291618,301.7574138298062,26,21454,3,4,3,5,1818,12,811,530.0
2.347607178575389,5.645610970747396,5.3749029598755635,29.37357930171256,294.04087334169935,0,3,1,1,105.82410308233646,299.31172713812447,32,20008,3,3,3,6,2025,10,803,530.0
4.5893102776267805,6.147839390595653,4.96586253603888,26.855576768927804,241.9017194857892,0,2,1,1,117.38175522862062,283.3703128900893,23,21142,4,4,3,4,1894,11,753,530.0
3.8698943804826738,7.450081438213693,3.2235275057806487,28.127247967244116,244.56432138823445,1,3,2,1,92.13542174516533,284.777215909636,27,19790,4,3,3,6,2168,11,737,530.0
2.9926940745579476,6.231545234982174,4.043951939462321,29.755810681489386,272.4751963768633,0,1,1,1,111.27563651987559,317.68626338284486,32,19477,4,4,3,4,2096,11,773,530.0
2.190675050858071,5.82187902571877,5.1977957689054115,28.974134870873357,303.64541441030923,0,2,2,2,110.63434575538969,290.79189784929656,30,18885,5,5,2,5,1880,10,779,530.0
2.9329469651469866,6.583502135791814,5.361830055728525,32.902284161719095,277.70912585669,0,2,1,1,107.66622607466167,288.77312221743836,33,21906,4,4,4,6,1974,11,731,530.0
2.975549966080241,5.600364046945483,4.168503778124674,26.091518020453865,274.8468755624003,0,2,1,1,118.62555901067202,302.7210153062563,29,22492,3,4,3,5,2021,10,744,530.0
4.188818535014192,5.1896583202716595,4.533528473026769,30.56115643238075,247.38315899696414,0,2,1,1,95.74221344425263,314.5936209113131,32,19538,3,4,2,5,1902,12,760,530.0
3.9126724140656393,5.322199304776623,3.417584865230188,28.234550144834337,285.97460733070056,0,1,2,1,85.22869294359029,282.78759333605444,30,20073,5,3,3,5,1853,12,752,530.0
4.66163822772898,5.320114597394431,5.477921565342442,28.425596919404917,297.5472212420158,0,2,1,2,106.86835436976243,305.9563563837215,29,18312,3,5,4,5,1982,10,827,530.0
3.4166447754858478,5.379756733780736,3.5791792534586087,30.74078212526541,266.6294005255294,1,1,1,1,109.17239201908825,285.3644699278258,26,23684,3,3,4,4,2150,11,775,530.0
2.358782737814905,5.347067931623525,5.356829435337814,30.539489210594958,294.29282956477294,1,2,2,2,103.0024229383526,281.6407472871528,29,23317,4,4,3,6,2117,10,726,530.0
4.139734361668985,6.602186862008036,4.624116622480921,32.9300479496175,307.5133657730568,1,3,1,1,88.27271572533584,282.3734778472998,34,18810,4,4,2,5,2154,10,761,530.0
4.282355145850692,5.454700210997862,4.519341987197148,26.027154315633002,254.26365213893823,0,1,1,1,100.17823766677421,317.5373848693799,24,20235,5,3,3,5,2148,10,717,530.0
3.6838315927084886,5.864168208309658,4.281721277541271,25.83287719507333,276.6330741836319,0,3,1,2,92.48758946276517,285.3087617632628,30,20857,4,3,2,5,2120,12,826,530.0
4.312901539863683,7.2419710247650295,3.5766745292943964,30.79471053702993,260.09965706592027,0,1,1,1,97.09866112666757,282.03181139855315,25,20763,3,4,4,4,1867,10,808,530.0
3.4813867890931722,6.184904100657181,3.441320080013771,29.627095336051273,295.4998093323687,1,2,2,1,105.80874303378656,299.70549492143107,24,20032,5,5,2,4,1827,12,802,530.0
3.568198488145982,6.668894346302568,3.5512155226754385,27.193285332478446,280.43153561168106,0,3,1,1,109.80858970763339,317.9797062373911,26,19507,3,5,2,5,2073,10,776,530.0
3.282623055075649,5.430799678004075,3.466095655360636,25.635354951911893,284.4207692285213,0,1,1,1,89.28898763605372,291.8083769420186,31,22545,4,4,3,5,2081,12,816,530.0
2.0762573802322857,5.480722547021677,4.948961183916883,25.685265996771445,295.8539911731126,0,1,1,1,96.21301442587813,298.97706778866626,21,20570,4,4,3,5,2159,10,803,530.0
2.3236742809799136,5.102171540666197,3.8753131479168252,32.153526997312945,267.71793308637183,0,2,2,1,90.76646283966517,281.79651396536883,24,19894,3,5,3,6,2110,10,748,530.0
2.094287557060203,5.422337657680411,3.144606691408491,26.534938597749942,304.05630478849304,0,1,1,1,87.94526455447476,300.20853313606943,34,23473,4,3,3,4,1918,11,815,530.0
3.909231233791341,5.6964758475798964,5.422756575352029,27.586972496924165,277.3120207072298,0,2,1,1,111.33548879983354,305.992588628671,29,20705,3,3,2,5,2179,11,840,530.0
2.94306794322898,5.442526210691867,5.209464712408565,26.813251217815903,251.05683759847437,1,3,1,1,116.37010777747969,305.6908174188465,34,18596,4,4,2,4,1933,10,799,530.0
3.525712073494108,5.221756334392639,5.319380707988032,27.8399704466555,288.71293827181614,0,2,1,1,94.80928742738307,294.95920114784644,22,20147,4,5,3,5,1928,10,824,530.0
4.7226994217782785,5.301589677751502,5.487269556616088,25.555390741968747,295.52829453067784,0,1,1,1,110.05115697495067,294.1989931298411,28,18615,4,5,2,4,1807,10,724,530.0
2.7478766874466247,6.151946920081814,3.434738123048718,29.152478327266163,262.17331739472684,0,2,1,1,115.87981157457645,284.7980628521469,32,18947,5,4,3,6,1850,10,827,530.0
3.2311487691068894,5.515834296014481,3.990605047256647,25.54090050873772,300.0025479899127,0,2,2,2,113.84496842120926,296.5059244290821,25,23677,3,3,3,4,2140,11,799,530.0
4.266653415629146,5.910674652620188,4.895596189260228,31.402852062578894,303.4300278336036,0,1,1,1,87.31253554156903,284.4772600992834,32,22651,4,4,3,6,2080,12,845,530.0
2.6863944964748674,6.258543177137142,4.740051545134481,26.869696655283462,259.3833141164466,1,2,2,2,118.25167526053445,314.4968175120423,29,22373,4,3,4,5,1974,10,704,530.0
2.230939729486379,6.725987071573414,3.3847397658496376,29.320095316836085,308.84650309006554,0,2,2,1,95.0670576171785,323.4823433986684,22,21764,3,3,4,6,1982,11,718,530.0
2.869254358741304,5.098280349602748,5.039582812476544,32.04063270049166,249.8498069634131,1,2,1,1,93.56962644695345,323.6533505500018,26,20013,4,4,4,5,1991,10,717,530.0
2.4836638617620133,6.998525997272607,3.561101429591652,30.207018952377553,254.1410967881743,0,1,1,1,82.49725309111122,318.92819947189275,23,21697,4,3,2,6,2048,10,820,530.0
4.789092957027719,6.5697509737272695,3.5595440370565576,29.263662292410682,252.89573874666183,0,2,1,1,99.44694616419532,307.03564672028284,33,18490,3,5,2,4,2034,12,731,530.0
4.424361138693251,5.20439757987218,4.342436057233534,27.594670024923005,302.57927970055096,1,1,2,1,84.36054462563715,311.5389563759746,22,22350,4,4,3,5,1882,10,848,530.0
3.9002112695312703,7.183946560266943,4.482349837104258,27.664015304465583,285.8004786627473,0,1,1,1,89.94159283709703,292.83426112061863,27,20428,3,4,4,6,1892,10,709,530.0
4.614381770563153,7.302181001329533,4.450215519594527,30.35589564158552,250.6472998255591,0,3,1,1,92.67770487069126,308.38466890776795,32,22987,4,3,4,4,2172,12,736,530.0
4.411016230697344,5.15269489963716,3.228717093494387,32.95311488976934,270.8226392857844,0,2,1,2,112.35305293966736,300.50422972479447,23,18541,3,3,4,4,2193,12,785,530.0
2.5597101766581076,5.6921941203680095,5.193652156575951,30.294713518795028,283.07086175488615,0,1,2,1,115.01954601583586,301.69078028996194,30,19287,5,3,2,5,2111,12,712,530.0
4.677676995469933,7.015503199482653,3.6640001064717653,29.4622673389602,245.84248594925683,1,1,2,1,92.09865269845879,314.09994521688213,20,19633,4,5,4,6,2067,12,844,530.0
3.6180267257469523,6.870649225959146,3.3237873032070104,30.84520408191397,301.7691457885137,0,1,1,2,114.34792484978296,292.6863260018763,25,22920,4,5,3,5,1919,11,708,530.0
4.422320465492188,5.461302548390943,5.221870199672443,28.721644898269744,296.25224748090744,1,1,2,1,114.28923749479165,294.3117825262534,29,20926,4,4,2,5,1870,11,787,530.0
4.688273899770479,5.5233733083417755,5.389128745574384,25.48113874080628,275.3644741503647,1,1,1,1,110.58603801539493,321.60888060078867,30,19352,5,3,3,4,1816,11,745,530.0
2.954010424915592,5.926180256978455,5.155319043163626,29.49837452702328,307.6988630681419,0,1,1,1,85.86780456060725,282.53009326829374,30,22376,4,5,2,4,2052,10,835,530.0
2.33015577358303,6.211307462977553,5.023790186812195,32.66100227604304,269.243268549257,1,2,2,2,107.61291387602915,301.85354342860035,20,19298,3,3,3,6,1921,12,818,530.0
2.683805487625825,6.54563692882574,4.638104951597555,26.402423538861278,308.88772233255486,0,2,1,2,117.80096258322274,321.07603601835376,24,22868,4,3,3,4,2179,12,718,530.0
3.281323365878769,5.922284098924431,4.377143426522848,30.520039126565326,286.7543999162539,1,2,1,1,107.30161915068628,307.46633535181707,26,21967,5,4,3,5,1809,11,793,530.0
4.45404429776748,6.15633679033287,3.2174668997785254,26.607469509272452,284.4269891277759,0,2,1,1,93.26467396431336,304.58831833954594,34,22423,4,5,3,6,2086,10,725,530.0
4.582191749769031,6.868677345334391,4.0211330326767465,29.28662147578465,251.61684267070495,0,1,2,2,100.02317269723325,291.238488065321,25,20258,4,3,4,4,2115,10,745,530.0
2.020856391593572,5.091708007226495,3.931721292530785,25.773411597173755,301.73494308132507,0,3,2,1,105.82900173404215,295.4473970079002,33,23018,5,3,3,5,2125,10,817,530.0
3.532241907732697,5.631092360860052,3.6493844594008156,28.60296749006548,269.9242781544431,0,3,2,1,100.42281634914013,318.3421787112112,21,22647,5,5,3,4,2072,11,745,530.0
3.252233009446337,6.783373964711381,4.808550284221463,31.04930663116197,251.35633840477357,0,3,2,1,84.79811766923879,305.16481592958064,30,20073,5,3,4,5,2105,10,713,530.0
2.6663234314121906,7.238017094217998,4.239689337696927,27.78057219391186,240.88252639830313,1,3,1,1,92.48256178608082,303.16339871905507,23,18701,3,3,4,4,2092,10,784,530.0
2.3595961020010483,6.279193605289166,3.20261553976912,30.319293795897742,279.18289785468676,0,3,1,1,112.09584122214531,284.4810871093013,30,19919,4,4,2,5,2009,10,762,530.0
3.012845514210884,6.330283713163289,3.5504580048745282,31.363599686317833,276.9179735485873,0,2,1,1,114.4567218438207,280.72126704048054,34,20460,4,5,3,5,2017,12,771,530.0
4.828729111737557,5.26793002834944,4.70814690914899,32.41742255583562,290.3547535658411,1,1,1,1,85.4920013086228,323.3658334909172,21,22262,4,4,2,5,2040,11,702,530.0
2.969608796062266,6.118530917058637,3.1903271487257503,26.87713665484363,302.31806371124617,0,2,1,1,118.09547009594898,296.96437752790786,30,22264,4,5,2,5,2173,12,727,530.0
3.556371865230098,6.331543166137558,5.128017285121922,28.194527326474464,245.55846092501207,1,2,2,2,93.15290471394437,307.1445877944777,20,22324,3,4,3,4,1999,12,824,530.0
4.109056876685534,5.6061762590868245,4.237866317534936,26.21932810664334,291.20475432382534,1,2,1,1,106.4925495492288,283.5871782934278,34,18366,4,3,4,5,2015,11,786,530.0
3.090888807137882,5.673108077373453,4.20146644331662,32.939868017267,253.11883608683075,1,2,1,1,110.07300583826725,310.7401428575371,22,18527,4,5,2,5,2004,12,845,530.0
4.915346248162882,5.943210407761557,4.481019461648794,32.41600774339436,300.0723937210015,1,1,1,1,112.47784938551533,321.9655018917682,22,22886,3,4,4,5,2015,10,776,530.0
4.887341884826334,5.050177994444316,5.061702414812872,29.319657042244476,297.3344459703159,0,1,1,1,117.82998808903722,305.9049363848839,34,21718,4,3,4,4,1879,10,775,530.0
2.7553468874760925,5.8051979139579455,3.8695230197554826,31.73626635501137,277.8555628489881,0,3,2,1,92.5167819211529,285.6751895068935,31,21609,3,4,4,5,2066,10,813,530.0
3.491745517677156,5.528620017491361,4.695040381397659,29.167663818176337,289.7169959036318,1,2,1,1,114.34025818206217,306.1774687363064,26,21935,4,3,2,4,2189,10,832,530.0
2.902634929450309,5.818743380444786,4.414329909989478,29.98868550402208,262.0045079228624,0,2,1,2,85.26747613744828,314.48562458970935,20,22619,3,3,4,5,2178,11,774,530.0
2.8545214831324026,5.299405329548128,3.667570675423553,25.712995456928134,272.98175292529703,0,1,2,2,108.20163625414371,298.28874414583083,28,23191,4,3,3,4,1834,12,758,530.0
2.1106608420635986,7.226318201849738,5.196574965887895,31.042163363974463,297.514582839733,0,1,1,1,109.67910918055944,319.59269865736604,30,23764,4,4,3,5,2088,12,758,530.0
3.8286930019396905,6.483981133885122,4.993565054017321,26.02170786908188,272.14856380212495,1,3,1,1,107.10892964805282,309.1907329010814,25,20153,4,5,2,4,1817,10,746,530.0
3.5080370696865844,6.697755797861224,4.6461295866460635,31.608541042020228,265.0458785727809,0,2,1,1,90.09258944540612,320.4662013230141,23,19908,4,4,2,6,1964,10,794,530.0
2.154436253749968,6.972928096518346,5.126454322735604,31.256224701363088,274.594871307521,0,2,1,2,114.92172588060814,308.0577390061302,22,21012,5,5,3,6,1812,12,840,530.0
2.835939392709834,6.2461054973226435,5.168235502399506,30.669957581943812,297.9774476706053,0,2,2,2,86.7543385348158,285.9079587402171,34,23401,3,3,3,4,2001,11,777,530.0
4.724797657899961,5.217300720218559,4.770907441787587,25.289283044198097,263.4645633159611,0,2,2,1,82.14539166083324,293.9361269997335,22,22228,3,3,2,5,2028,12,812,530.0
2.7186856720009174,6.342766354546369,5.09253332090918,27.425026847562627,252.16331151950206,0,1,1,1,108.69859962447649,289.08077267136053,21,21022,5,3,2,4,2145,10,808,530.0
2.4346846162736693,6.467102795052198,4.743678654173209,27.104900559286744,289.84098142315463,0,2,2,2,99.01902860930934,320.8971923972588,21,21483,3,3,3,5,2165,10,805,530.0
3.468358280832689,6.8635986854608255,4.700351929400751,27.881091259772152,297.8184748895657,0,2,1,1,113.96392079834703,314.21800302793673,33,20720,5,3,2,5,1800,11,788,530.0
4.956951362331802,6.079148865574199,4.546528445537961,25.70114197411071,247.04462349664732,1,2,1,1,95.33588564233035,310.4379266009503,31,23738,5,4,4,5,2118,12,732,530.0
2.726165814534501,5.31895075698891,4.881791598894103,32.4956625842485,256.7911878929161,0,2,1,1,86.73114354030851,293.543484383423,32,23984,4,5,2,5,2016,11,796,530.0
4.016406642217635,5.709439764496811,3.396512763232684,29.43041792569901,249.93803928326957,1,3,1,1,113.45768769879479,288.2820147422596,29,19770,5,5,2,4,1833,11,778,530.0
4.284858845986153,5.907705740996588,5.202176897997321,27.444194485264187,264.3558988107517,1,1,1,2,101.95638526560288,314.040298959501,24,22113,3,3,3,5,2158,10,715,530.0
2.712912631977199,6.614793103329003,5.1796088193630805,28.175852136594266,271.5245685233789,0,3,2,2,87.56783169561419,301.3371075645586,28,19777,4,5,3,4,2065,12,743,530.0
4.184649045835579,6.42694576167228,3.073118207586398,28.577620324038683,292.41784358743143,0,1,2,1,108.81535994345782,290.16052984677833,21,22212,4,3,3,5,1927,10,819,530.0
3.10334939815776,5.890241814744615,5.064541876411907,29.80475466688494,285.5803309417172,0,2,1,1,100.44454553958002,307.74798901743736,21,18797,4,3,3,5,2011,12,833,530.0
3.8969174917807385,7.4662881219824495,3.322174668683613,29.125435421571982,283.46499972349017,1,1,1,1,104.1725192896128,281.81502334623036,31,21215,5,5,4,5,2062,10,807,530.0
3.900589132282684,6.514437048392217,3.837797135647855,32.35513578571534,264.6662462626758,0,1,1,1,98.43593352826328,294.6776614357714,25,21788,3,4,3,4,2111,10,842,530.0
3.6073240522242753,5.593066979339986,4.85877064072902,28.97570786324664,298.9013287159332,0,2,1,1,113.14835935272026,301.08506475660107,32,20976,4,3,2,5,1879,12,703,530.0
2.270869310163225,5.254456181551009,3.4018997401207707,32.9372641185865,272.99010171787154,0,1,1,1,113.182508627322,286.6581250349233,34,21737,4,4,3,5,1964,12,755,530.0
4.505907486767714,5.38214784796083,5.044917560297655,31.811399661960767,308.53734566106084,0,2,1,1,108.37555287297545,324.30945149158777,29,19711,4,3,4,4,2051,10,763,530.0
2.9623401949152077,5.6148943209612705,5.080335444894355,26.668084114858686,284.3899496807016,0,3,2,1,84.2160550958585,289.40938140653265,21,18752,3,4,3,5,1811,12,794,530.0
2.5595555311995626,5.40170343314889,4.268669334402091,32.44476171715133,248.83853190951518,0,1,1,1,113.55415447616275,285.865890851947,31,20469,4,4,2,6,2103,10,755,530.0
2.1223254246642917,5.4664175601282645,3.015964679292084,25.930931183083807,287.3324293452804,1,2,1,1,106.84051922131638,289.1590693249103,23,21969,5,5,3,6,2011,12,731,530.0
3.7726788295647253,5.712737921734618,3.717595332937282,31.539597667929534,262.75728108021895,0,2,1,1,107.88096664017198,314.60775099218756,25,19392,3,3,3,5,2081,10,815,530.0
4.032693085526847,5.433433988236887,4.542317295939355,28.04498634781264,288.0429037680268,0,2,1,1,94.51931361615486,299.1477546672329,24,20605,5,3,3,5,1911,10,708,530.0
2.0497634867835686,7.241913561566063,5.452965445068559,32.02379456356056,244.8748803713684,0,1,1,2,115.17118224628027,305.4437172888642,20,18677,4,4,2,4,2010,10,804,530.0
3.536279174897843,5.200584364154105,4.579533817541671,31.944453520859604,252.24170060231717,1,1,2,1,109.0148640093943,280.94541206438623,34,18105,4,4,2,6,2177,11,777,530.0
2.679487325593814,6.311278473925636,3.6495089526603994,31.44740320094097,299.901608123405,0,1,1,1,84.50361866116778,281.54940888579915,25,21287,4,3,3,4,2038,12,786,530.0
3.9355183712283495,6.025992067474154,4.5850142577490285,31.32024349045649,255.90256899164604,1,1,2,2,96.3111213762465,300.06214974221575,20,22753,3,4,2,6,2067,10,720,530.0
2.523099287014974,7.455946542271516,4.349963449289639,27.437433112784326,298.5928787670058,0,1,1,2,115.45521447840567,316.74948594407306,22,19946,4,5,3,5,2097,11,754,530.0
4.072813214307398,5.280097255420131,4.949613487877859,25.64735426441002,259.54932619180875,0,2,1,1,81.88786806789516,319.8357495418404,29,23544,5,5,3,5,2116,10,775,530.0
3.1602060389016122,5.994638997614354,3.267451597067396,28.22384143012129,285.00173370410954,0,3,1,2,118.45666478568198,283.90179554180384,24,19095,4,5,2,6,1857,11,829,530.0
4.810189966210204,7.423676083188422,4.90256975625507,26.38819611989207,288.5905401456882,0,3,2,1,107.1665027327825,304.226339594546,33,23083,5,5,4,4,1833,10,840,530.0
2.4125628324379798,7.163767814734951,4.353166446690276,30.559608711219695,275.8858327201537,0,2,1,1,105.25503910573507,321.09533588256716,29,23904,4,4,4,5,2062,10,825,530.0
3.0231990531507753,7.0426801773731995,5.407480009647486,27.768797812302285,261.3717473687712,0,1,2,1,90.82237025951966,297.4587739479049,32,19782,3,5,3,5,2164,11,831,530.0
2.340420563721767,5.64475706761235,3.8546804150967153,32.80488160687932,254.88510634597674,1,1,1,1,89.95167154956708,317.3304624142766,24,22541,4,3,2,4,1834,11,783,530.0
4.774080854835688,5.427218968475165,4.581554732834871,30.127776618762656,242.32325481936982,0,1,2,1,117.68232877954381,286.0163044479746,32,21257,5,3,2,5,2070,12,814,530.0
4.6320180601429435,6.671608049811077,5.330070263775044,31.57984450907489,261.27624808685067,0,1,1,1,91.93089816936491,322.0927520350509,29,19997,4,3,3,5,2026,12,747,530.0
2.773824883145467,7.3234399728189645,3.256274319976698,26.06019738193479,285.7213953371898,0,2,2,1,111.02021186875997,313.8140492889086,25,22869,5,4,2,5,1824,11,822,530.0
3.9799521381025373,6.391907232534825,5.3430712180911275,31.89611585818098,305.6813372913938,0,2,1,1,95.72487192828316,322.36004767541056,34,19561,5,3,4,4,2033,12,777,530.0
4.451666600603648,6.42903172367475,4.719714305752033,32.382057524107154,300.98431375841363,0,1,2,1,85.57016283138816,310.44777550986277,31,22006,4,5,2,6,1858,11,729,530.0
3.665602434798387,5.699947734150711,3.1695926477629297,28.896495350551486,293.6245343574712,0,1,1,1,80.42861190781436,296.3531769399742,29,19675,3,3,3,4,2050,12,728,530.0
3.5889517350680196,6.923732332979842,3.7524089173670405,29.85002350200782,295.1913140277309,0,3,1,1,101.77029348061004,322.2181527636125,27,19122,4,3,3,4,2134,10,835,530.0
2.725556872701355,5.4676093713938085,4.7704302216132035,31.118478407223964,286.5489432433197,0,2,1,2,119.0311527419573,292.40050493391306,24,21981,4,4,3,4,1885,12,839,530.0
2.2793083034176975,5.809198091010609,3.1683765036719294,26.398709018083302,258.2200800296202,0,1,2,2,94.76544775236817,294.94776349277794,33,19301,4,3,2,4,2050,10,740,530.0
4.69164727385998,6.0635910965410424,4.455426150440683,29.02052861170754,303.5036521494081,0,3,1,2,94.2876933597218,311.5363788100783,34,23682,4,3,3,4,2189,10,725,530.0
4.701254171489992,6.269025946711137,3.864707642382392,28.189304222178507,286.95126183340835,0,3,2,1,93.76366471397768,314.4392334786424,30,23782,4,3,2,6,1979,12,749,530.0
3.8993043718198037,5.606024331037701,4.5522887944186925,26.17099193729799,279.2308441686308,0,1,1,2,100.82175349219433,321.8231567732119,20,18943,4,4,4,5,2006,11,701,530.0
3.017089373146102,5.287092061848009,3.114355084531282,27.940275378332252,247.76926284494368,1,1,1,1,97.62659533697175,289.2161084075294,24,22550,4,4,2,4,2143,10,754,530.0
3.047628723837983,6.526550106104081,5.1788420153809405,25.54537847508395,271.29388806644977,0,2,1,1,115.19658506908058,315.9099115848651,22,23223,4,4,4,4,1948,10,803,530.0
4.177867036610718,5.72157638310064,5.433722422943492,25.206495255595897,272.2250789841348,0,3,2,1,100.22083166893961,313.23457240286336,23,18945,4,4,4,5,1870,12,713,530.0
4.691330779857731,6.453095553556531,5.422194638214229,26.08133031323858,300.5194526665869,0,3,2,1,100.31031352754275,282.87075503141193,34,18600,4,4,2,6,1920,11,833,530.0
4.661259272795352,5.385906788185506,4.874129579357312,32.70492089271339,278.2653754131452,1,1,2,1,85.53486378882226,297.4250413544593,34,20700,4,3,3,4,2052,11,827,530.0
4.339626637572872,6.202850254637044,3.32521560032658,29.396236287160136,266.6280384279287,1,1,1,1,119.30958163641543,292.72444556770444,32,22820,5,3,2,4,1892,12,803,530.0
3.9260949384628634,6.331473581378964,4.895657989822556,32.72657728922576,308.37602299574615,0,2,2,2,89.99891563475319,293.7020690959314,27,19417,4,4,4,4,2055,11,794,530.0
2.2524198949851466,5.129558842056067,3.0614672911470038,28.459983026641055,247.7504415328421,1,2,2,1,82.93456269838411,324.23260957996155,26,19524,4,3,3,4,2053,12,780,530.0
2.484886142283841,5.841510695484802,3.055308878822493,27.494529064682077,269.5783899818361,0,1,1,1,106.52584995900835,308.92498360659675,30,21766,4,3,3,4,2151,12,760,530.0
4.695662565581237,5.336036692347435,3.809025547873853,29.049134902721953,242.94172726199838,0,3,2,2,103.8146548062749,312.29542710070746,24,18250,3,4,3,5,2087,12,711,530.0
3.8192871789787697,5.158437426181919,4.221607976011665,28.516093509063282,291.79328845368514,1,2,2,1,96.60582615970984,323.9477936791754,21,19544,3,4,2,4,2108,10,712,530.0
2.027591154849889,7.474900580974863,4.926018544519483,25.845317474093953,304.26535865394055,1,3,2,1,96.88768935522712,296.97408021059374,25,18078,5,3,4,5,1858,10,846,530.0
2.304414628598096,5.805884612436808,4.708238441516263,30.126610517521648,259.60261306853425,0,3,2,1,111.40255684185725,316.08280758037625,30,21123,4,3,2,4,1868,10,788,530.0
3.9905053073241676,7.024686114636587,4.114756765941871,26.728305460076797,300.0839173759385,0,2,1,1,87.82850560398596,299.5538933487023,25,18897,4,5,3,6,2187,12,794,530.0
2.015184751538656,5.636601636909409,3.6840666657041647,29.956703639182635,260.45527613233287,0,2,1,1,112.81013275779559,319.1290152316741,29,22876,4,5,3,6,1885,10,758,530.0
2.482424154252496,6.703756805559824,5.492811250394277,30.201608739185225,303.75391131507405,0,2,2,1,105.94988455580072,288.12958935900866,29,18225,3,4,4,5,2073,10,736,530.0
3.6462013680997583,6.900569649724217,4.065453255589932,26.216198825029185,292.77733325177485,1,1,1,1,96.75879095118097,322.6458779678926,33,23170,4,4,2,5,2026,10,724,530.0
4.07568559307808,6.48909685151961,4.1284675608241885,25.490797016885345,296.3434743789007,0,2,2,1,98.32114466335474,289.8447268784896,30,19209,4,4,3,5,1880,12,715,530.0
3.9558837785078014,6.178940471375396,3.4090595529791727,31.24609268854752,241.2604588920318,0,1,2,1,90.26588828744383,294.67992281414195,25,23153,4,5,3,5,1913,12,786,530.0
2.6728079283816792,6.029602285368171,4.987023871874824,28.67840339015456,307.3967249951818,0,2,2,1,110.084573307879,314.02865053480514,33,22898,4,5,3,5,1983,12,841,530.0
4.136537664042608,5.872170666357488,4.734205564453721,25.465310364043805,290.86696944492263,0,1,2,1,100.51498969221072,297.7189813704433,28,22837,3,3,2,5,2079,10,833,530.0
2.7117472624904,7.323822860619565,3.551924031971901,32.958930537358135,261.33257667702935,0,1,1,2,92.83418170999374,307.3695119544901,30,20178,3,5,2,6,2121,11,722,530.0
2.976199094477803,7.076548519469323,3.2059526140396066,25.462244487970935,298.05762654011926,0,1,1,1,103.84200463043801,300.00580754812427,27,20679,5,3,2,6,2196,10,825,530.0
4.239474215354072,7.412567276666282,4.7012482551867825,30.560281830868426,259.7064838890451,1,1,1,1,119.82937808205293,313.4066471690402,27,20885,4,3,3,5,2117,10,759,530.0
3.9488986971416438,5.310743058713862,4.636278035702838,32.86943140210731,301.09276876962895,1,2,1,1,97.41049118626215,290.2749063565875,20,20806,4,4,2,5,1853,12,839,530.0
4.547670231482534,6.8271686880091105,3.6831488174955234,26.913440833727407,247.8806273288356,0,2,1,1,116.82765603114478,282.6306094256595,24,18703,3,4,3,4,2198,12,840,530.0
3.97283867690103,7.345851142052595,5.377158905626025,26.137994949497568,289.2580184222557,1,2,1,1,93.80067359698265,293.496822886288,26,20544,3,5,2,4,1996,10,799,530.0
3.704925810006415,5.453082665414151,3.3776447294522507,25.97107951537943,277.84889336514374,1,1,2,1,82.18930827699944,301.34388991907934,25,23522,4,3,4,5,2186,10,802,530.0
2.281024303484277,5.166240668416943,4.080837002606505,27.426201180540765,246.75741291368087,1,1,2,2,88.16968425473715,287.56090234867054,24,20370,4,4,4,4,2092,11,833,530.0
3.1031474091783005,6.852801623225147,5.359039800418997,25.808366488085174,256.93256797811875,0,1,1,2,96.74780573310737,295.96587803453747,27,21281,4,5,3,6,2092,11,762,530.0
2.7956071030451763,6.43618278294978,4.049318292315306,30.537290733553057,240.86828253941204,0,1,1,1,88.78539714378276,297.9992358232106,22,22710,3,5,3,4,2186,12,737,530.0
2.731968930137251,7.10457194189568,4.596314869160214,25.4983343850405,272.8137575825154,0,3,2,2,80.00908152873022,282.5826329659723,25,18328,4,3,2,5,2090,11,827,530.0
4.919031664257337,5.349430941565724,3.9939859949069856,29.075377025198318,261.08856825320004,0,1,1,1,116.60006150990108,306.2488261682892,34,23491,3,3,2,5,1979,11,749,530.0
3.179293174000281,6.9881682796497255,3.685538005871675,32.973574830823814,281.8850239008431,0,1,1,1,113.75517644923715,319.79545425870793,24,23579,3,4,2,5,2179,12,739,530.0
4.676139665531339,5.5040683001193615,5.45994411989957,31.51176215604815,260.8066465396032,0,1,1,1,109.69168925947788,286.82843108288733,27,22228,4,3,3,5,2021,11,707,530.0
3.8934158779917887,5.409139857164261,4.023335015787607,29.921755505848086,260.99433780548895,0,1,1,1,86.71258382584115,306.90136060306816,23,22930,3,5,3,6,2073,10,707,530.0
4.384433910624946,5.410664494827483,5.235248009197836,27.450028966292894,292.02352391121224,1,2,1,2,84.81454304839944,309.9132642209881,27,18120,3,5,4,5,2177,11,803,530.0
3.5079112793155764,7.036436800578455,3.5748865147277153,29.99116669033311,243.36999851848475,0,2,2,1,82.70418997889533,298.87006061886797,29,23571,4,3,3,5,2043,12,733,530.0
3.7307116538790774,6.6629930517405,3.532761760062708,29.216331711293215,303.2026496634391,0,1,1,1,108.96116755091685,311.54939143139217,33,18964,4,3,3,4,1953,10,756,530.0
3.4775530814565916,6.307663561922798,3.0778352072112782,28.40866707112297,299.6584712073827,1,1,1,2,117.15231842751541,298.48291945709553,34,22224,5,3,3,5,2103,11,721,530.0
2.5857289633941334,5.897076210308756,4.629167063439713,26.045683013921597,286.7463278258484,1,1,1,1,97.22143283652147,302.7086779589846,21,21675,4,5,3,6,2072,10,786,530.0
4.1673563457845155,7.193001352032771,3.921315859309403,32.09283372192373,281.5255099075169,1,1,1,1,84.76562687984193,280.3308870049492,28,23694,3,3,2,5,1934,10,739,530.0
2.8423170873225674,5.981112768556589,5.1608956245990925,28.59827719057058,302.4611748697757,1,1,2,1,100.49571282928426,311.127405136061,32,20076,3,4,3,6,2112,11,785,530.0
2.0729478992943617,7.041498598678943,4.183024766728893,26.55698009456612,252.97311256701002,0,3,2,2,93.9532762983452,309.7604205525126,28,23643,5,4,3,5,1807,11,832,530.0
3.9364168877215033,6.097837271425546,5.420483569786804,27.942074807018315,245.527841353358,1,2,2,2,94.99299697399991,281.7280394796855,34,18332,4,4,3,4,1927,12,794,530.0
2.531332038221147,5.942361073562269,3.4638137892578027,28.313038020231417,256.7657118936677,0,2,1,1,104.85322496622828,296.571254832781,33,21368,4,3,4,4,2172,12,712,530.0
4.821375753058743,6.156699464174016,5.171557919889027,31.620303164534995,295.6204795090133,0,2,2,1,108.74872453048809,324.05643283562506,29,23249,3,3,3,5,1855,10,727,530.0
4.861785731007762,5.753444685410355,4.941492131979354,30.868915044491217,242.42691867085384,0,2,2,1,84.42414395492644,298.93314531558775,29,19316,4,5,2,5,1925,12,783,530.0
4.744593170661346,6.869023450440627,4.92730461161013,31.154439149130717,280.7964784558443,0,2,2,2,81.42360923225905,302.58754323093285,32,19196,3,5,3,5,1958,10,761,530.0
3.1104761007663333,6.256800975231198,5.11195807029222,25.088250115429176,309.6806261333917,0,2,1,1,119.77321210742859,320.94685711718734,25,21170,4,4,3,4,1858,10,792,530.0
2.0463698495866023,5.580531737867044,4.902559977357497,28.329231985438092,299.89872656862775,0,2,1,1,89.30913395662208,312.27678441395904,23,19429,5,3,2,5,1857,12,786,530.0
4.784955687763176,7.248936433186421,4.565550804078539,28.85075321308259,276.50119823305124,1,1,1,2,82.15322099633836,306.19315590059006,23,18355,5,3,3,5,1939,12,723,530.0
3.284552444951943,5.959728053433029,3.328112194205969,25.153538214584454,244.45486365006496,0,2,2,1,87.5950131638368,315.9012106603483,32,22234,4,4,4,5,1975,12,797,530.0
4.899964457131009,6.358882152784972,3.08131544872813,27.078505669960272,298.1961460069997,0,2,1,1,81.55831385393857,318.8964819905188,25,19526,4,3,4,4,1907,11,706,530.0
4.890859931267759,7.266180277411367,5.3021196195392175,31.08231858497708,281.92849557240476,1,3,1,1,95.67243578468687,300.559963228177,24,21897,5,5,2,4,2010,10,736,530.0
4.55902836640208,6.56059498978498,4.541625786301845,26.09687764583199,248.04530979416967,0,2,2,2,112.09607137805297,301.3798764219326,25,23293,4,4,4,4,1873,10,767,530.0
2.883346676208757,5.29224510177091,4.99134322744044,29.282481051620735,246.57000993763492,0,2,2,1,93.64977799030882,297.3722921043326,26,18028,3,3,3,4,1966,10,785,530.0
3.1552931858057756,7.349580309033688,4.203805878781376,26.7216149761379,303.67387736056145,0,1,2,1,97.76733627513465,323.5017763008307,26,23026,4,5,3,4,2156,12,832,530.0
4.553410014550571,6.569270132678545,3.293270472405986,25.096966197151147,286.8440184056655,0,2,1,1,107.02347094269754,311.3724814430658,28,19013,3,5,3,4,2103,12,786,530.0
2.950766015468833,5.837264036642715,3.312964480506376,26.929611660796333,298.0500759521729,0,1,2,1,100.35576280279521,283.74503797936325,27,20702,4,3,4,5,2032,12,714,530.0
2.5084782400582775,5.348180181658468,4.713913218072428,32.80699003928043,301.5285230197587,1,1,1,1,114.45782744085297,318.83318304908585,32,18827,4,4,3,5,2126,12,822,530.0
3.6704037873750504,6.98506297317574,4.075764737248656,31.412296895063918,280.02406464338253,0,1,1,1,114.64142700183027,301.6251973376321,25,22446,4,3,3,6,2171,12,806,530.0
4.808464322482343,6.550181889821284,3.501311816750842,32.676613154568265,276.2212446228529,0,2,1,2,80.39642781964615,283.09392578901196,31,20024,4,3,3,4,1981,11,788,530.0
4.088089390024919,6.333652729940804,4.228986366853592,28.9028323514109,270.1299187224693,1,1,1,1,111.12185225932797,304.737276482349,25,18298,3,3,3,5,1921,12,824,530.0
3.710183510268095,7.234731457627394,3.1605223426878353,25.87788958942003,262.18626114537835,1,1,1,1,98.42934400966695,298.77239255390657,34,23839,4,4,2,5,2133,10,812,530.0
2.2915294813123057,6.971493028061326,4.454928504785997,29.383675911789545,270.4217172601098,0,3,2,1,119.55362165214652,319.4987232188181,33,19865,5,5,4,4,2002,12,836,530.0
3.845021680097509,5.379187199331878,3.6724835110877443,28.63501867647969,294.17157590111094,0,1,1,1,99.3292830350174,289.17975716242245,24,22016,4,4,3,6,1828,10,849,530.0
4.97016155031279,5.779305169488871,4.993897751592971,31.75485666191693,282.13464017105923,0,2,2,2,119.4758378155319,317.1909074271482,20,23311,4,3,3,4,2001,12,806,530.0
2.420252045709572,5.6212228495361645,3.7759048973089344,25.784660646273956,302.47663029683923,0,2,1,1,110.18277444822947,305.0959911033454,28,23791,5,4,2,6,1892,12,786,530.0
3.55498895709121,6.859865731431692,4.1380503727045035,28.905929096174226,271.03660100654315,0,1,1,1,89.94419538453225,282.4574636446061,28,20111,5,3,3,6,2128,10,767,530.0
4.632119215783867,5.0838310868394485,3.029051349770252,26.200389317551874,282.4962705103128,0,2,1,1,101.5357991714783,323.7330385596468,28,18754,3,5,2,5,2155,10,714,530.0
4.222305853262613,6.424724212178291,3.181117219486397,27.59740741512048,284.1915287164392,1,1,1,1,119.68542557914331,303.067685984644,34,18769,3,4,2,5,1975,10,764,530.0
4.091047222985804,6.906146714351726,3.981233891016712,30.898856619102396,281.4188013614428,0,2,1,1,114.30122431007695,293.0894584404212,30,21735,4,3,3,5,2129,10,753,530.0
4.107452251961328,7.191914091904374,4.199847086792809,28.808145034950133,289.1843641159861,0,2,1,1,83.89467575164885,301.12330788951664,27,19238,5,3,3,5,2010,11,792,530.0
3.0784734536592655,5.855204371789768,4.500051370298259,28.007106281166156,256.62034278623645,0,2,1,2,108.25487987239984,318.603600258287,32,22929,5,4,3,5,1983,10,719,530.0
2.8807755327934803,7.053143261680033,3.729156446773258,28.155810228560284,275.8654644282053,0,2,1,2,93.82318343483252,293.7206405973279,29,20213,5,3,2,4,1894,12,732,530.0
4.428083466435541,5.276579342388018,4.737454715316357,28.675574147247893,247.29573619658433,0,1,1,1,80.27929047521393,288.6704378419015,32,19906,4,4,3,4,2072,12,799,530.0
4.430340184037542,7.116130729336295,5.150305992973012,31.280132350696455,266.9157929351369,0,1,2,2,96.13923876107998,285.80820611188966,22,19564,4,3,2,5,1936,11,776,530.0
4.601216955740311,5.318721655829956,4.949627472233375,32.136677511521874,274.1366948034885,1,2,1,1,89.39017686899885,293.4036729275595,20,19218,3,3,4,5,2036,10,834,530.0
4.7397216576694134,5.993218226400918,3.099047063370893,32.642677492031424,285.65569816818305,0,2,2,1,112.75477082081886,315.10216391680194,30,22601,3,4,3,6,2152,12,835,530.0
3.534027196582813,6.993238414448884,4.201267368144572,31.29522709004236,306.53717368103423,0,3,2,1,93.49322435383061,301.2231864337868,31,19357,4,5,3,4,2064,11,806,530.0
3.504548884061599,5.374793568371935,3.262325446045437,27.523255165984104,282.0455746583849,0,3,2,1,113.10094775815269,290.2366721662093,31,21839,4,5,3,6,1934,12,819,530.0
4.3948855369003255,5.573128488081604,3.605112539656319,30.505077648692335,292.0515741323592,0,3,2,1,80.02391755339181,287.4783249824387,27,19460,4,3,2,4,1943,11,773,530.0
3.9498917923332955,6.805631420982666,5.466656483167866,28.500824992443135,275.4386241646642,0,2,1,1,92.31276600104476,294.97282644296706,26,21985,4,3,4,5,1818,11,710,530.0
4.10590063177311,6.800091341365186,3.356238857253783,27.03736497636841,284.3872821963432,0,1,2,1,89.64660857231047,322.2965967798569,32,19416,3,3,2,5,2030,10,730,530.0
4.387378008308303,6.602869082213243,4.24722038362839,31.72697263540738,244.96525512936415,0,2,2,1,89.34269444274443,295.4362020665511,24,20853,4,4,3,5,1933,11,711,530.0
4.670016025452699,6.734871111167751,4.5453893357952975,25.3074107916986,257.8074106589293,0,2,1,1,82.72746479061851,324.4655834179586,29,23268,3,4,3,4,1913,12,823,530.0
3.0139854705546076,6.356811108368991,4.75616242636026,32.214095937083385,265.3297165243597,1,1,1,2,87.48497081642007,301.835370509441,26,22856,4,5,2,5,1938,12,777,530.0
3.126748857919832,5.629497647267382,4.399121708717285,28.691819716997873,273.07453485045596,1,3,1,1,102.2219827954248,288.0623763230568,29,22928,4,5,4,6,1924,10,795,530.0
2.281945819522607,5.8642399837597985,3.024427118547959,30.097611814466244,243.19541218516687,1,3,2,1,91.65444291350978,320.10130413070794,23,19428,4,3,3,5,2003,10,749,530.0
3.7348404229885217,5.453994292003564,3.8161532706099797,30.27483137764626,249.80168682873224,1,2,2,1,96.69579129316591,300.7159917910672,28,22378,5,4,2,5,1860,11,816,530.0
2.1078268213902263,7.271126403334071,4.294279108461779,32.16094192565229,259.3770015453914,0,1,1,1,95.07467521388755,311.9352104577036,30,22474,3,5,2,6,2049,10,716,530.0
3.3967940543973807,6.4584794869153015,3.2196662478620834,30.09335745733766,308.00728836307354,1,1,1,2,115.03619699999578,324.2670212444118,29,22293,4,5,2,5,2097,12,828,530.0
3.62793390412273,6.0021285419091,3.876567328022952,29.911468678080496,263.19429049721356,0,3,1,1,116.21195996042061,282.25789076439884,33,21062,4,3,4,5,1812,12,763,530.0
2.8596237563848534,6.155014509110332,3.0830077719784166,25.53321632448552,273.7428740678458,1,3,1,1,99.7182788662344,284.3512551904405,21,21071,4,3,3,4,2195,10,831,530.0
3.7724997817070323,7.368208349029539,3.1964462428875517,29.14726417556163,253.72683989168752,1,1,2,2,93.20623801262417,312.42055336582405,28,18555,5,4,2,6,2054,10,786,530.0
2.0915007498171483,5.3833785077902006,3.99230819050399,26.201352006536332,282.7546049753038,1,1,1,1,84.27202816009455,292.6821251482962,28,18355,4,3,2,5,1884,10,715,530.0
2.1120445662476435,6.465574580041993,3.3317893851076508,30.899470149771886,259.6478250861182,1,3,1,1,118.1361151752838,288.29356286275447,24,19563,5,3,3,4,1819,11,762,530.0
4.467801681978974,6.264721697211165,4.418852120653895,29.097775366501395,254.48948049068989,0,1,1,1,82.4090777960119,281.7712845918878,30,21500,3,3,3,4,1849,11,775,530.0
3.0805719242337886,6.52863558858662,4.723662422843164,30.441822233666826,276.1600839912185,0,2,2,2,91.90601110273121,280.9831020393791,20,19040,5,4,3,6,1963,12,784,530.0
2.3811815379556545,5.045275459552101,5.001466747772707,25.333383204819075,240.38540594122946,0,3,1,1,91.92264804680016,314.8518521403906,26,20686,3,3,3,4,1891,11,808,530.0
3.566729780164413,7.180309772360379,3.500375610612025,25.678336128366425,240.53648228544577,0,1,2,1,92.8160514456086,286.0495042316297,29,22474,5,3,2,6,1887,11,716,530.0
4.3099806592958325,7.33029570620903,3.4187064556476745,30.73058710450146,255.33481663713005,0,2,1,1,86.57147373089637,301.0474277187018,29,22775,4,3,3,4,1868,11,840,530.0
2.6474630824905296,6.412832958973023,3.2614196008360006,25.57667468798939,242.57049537505748,0,1,1,1,111.32645723694789,307.26535668307673,23,20553,4,5,4,5,1836,11,757,530.0
3.868671427457001,6.741627059692231,4.5910756238590915,25.57005382212207,247.5618027891484,1,1,1,1,84.89991447863957,299.2758310255981,28,19779,4,5,2,5,2052,12,778,530.0
2.256042394981304,7.306248452943239,4.766189316217253,25.0968678018791,263.7202454537126,0,3,1,1,105.39626636612651,281.2197993551305,25,22994,5,4,3,5,2051,10,760,530.0
2.155045163505823,6.768096585783496,3.078965362064105,32.65201118639584,296.1809975705869,1,2,1,1,84.95384106823269,315.2575676164559,32,18075,3,4,3,6,1939,12,812,530.0
3.594063894704444,5.381347607285654,5.340530615609225,30.900066875672056,280.04340503585104,1,3,2,2,82.82142550371826,280.4730951043744,22,22326,4,5,3,5,2154,11,820,530.0
3.6219053648303197,6.440720900417033,3.129928209128681,27.826011268016515,275.88674081694916,1,2,2,2,116.37718014743507,314.2850452469868,25,23835,5,3,2,5,2180,10,733,530.0
3.9122897044946194,6.51678761595714,4.353240838252676,27.372284650301243,260.5442176245685,1,1,2,1,87.60515065274822,320.1987022204655,32,23057,4,3,4,4,1967,10,769,530.0
4.178274001167985,6.060326678255965,4.7726512986272915,27.797625837966798,305.2227603602971,0,1,1,2,112.85000618238817,299.47779644757276,29,21319,3,3,3,4,1853,10,716,530.0
4.927556238387604,6.841110589061807,5.177422809365214,31.197228249449456,267.79105288660344,1,1,2,1,101.78523484428544,304.0994112894009,25,20349,4,3,3,4,2185,12,719,530.0
3.548901044903586,7.335917536922537,4.785217330331069,30.290964888563316,246.096493675704,1,1,1,1,83.11426078435079,301.4642526677944,24,20773,4,3,3,5,1977,10,758,530.0
2.968869418823738,7.313921282266941,5.00432020767448,26.481564542939743,283.1946561282461,0,1,1,1,118.2179276575227,297.51438783805474,21,20262,5,5,2,4,2096,12,768,530.0
4.385558584306111,6.1270984285103305,3.848625481357015,26.392874682672677,247.9686875433621,0,1,1,2,89.8784466796757,319.9341040916662,29,21229,4,4,2,4,2100,12,801,530.0
2.8124967537862227,5.283095114601888,5.037062784366281,25.78716519770718,264.16561999611844,1,2,1,2,114.38581381410427,320.22700798014955,29,20116,4,4,3,5,2158,11,819,530.0
3.3169142621169083,7.462102997405836,3.2002871159616877,30.282421757610706,275.5188357102466,0,2,2,1,86.75240023138257,295.11173640886904,21,18392,5,5,2,5,1905,11,844,530.0
2.235369144026798,7.097245216114835,5.237041640151319,31.114981297773888,301.1955767279623,0,2,1,2,114.15771528567412,307.6781389306614,26,19108,4,3,3,5,1936,10,756,530.0
2.0760522302463724,5.311656703008167,4.368980940384341,27.12037142660003,274.5482606238083,0,2,1,1,80.52915251621175,321.7108402965639,21,22362,3,3,3,4,1989,10,782,530.0
4.887945244033775,7.302104706543431,5.043244424906234,25.1675596882473,289.1581136222165,0,1,2,2,100.47121826277923,323.2926324523608,31,23188,3,4,3,4,1927,11,828,530.0
4.507940361536617,7.174740905155321,4.13079571129575,25.657373339811418,309.49717872993494,0,1,1,2,110.77770317686227,302.90315681899216,25,18610,4,4,3,6,2141,12,712,530.0
4.087922618281094,6.297095142815181,4.608944237991312,32.742880278760246,249.2042383928587,1,2,1,1,117.39182069971133,300.3771162377947,24,23466,3,3,3,4,1846,12,705,530.0
3.22685883324281,6.478188589362324,4.316006652340283,27.36355821981936,259.2312067863664,0,2,1,2,116.36808544825948,292.54124421678364,23,23104,5,4,2,6,1804,11,796,530.0
2.5198829602125374,5.997506759675326,4.82897380438833,31.153785182705068,267.62032529183523,0,1,2,1,112.7849947819058,323.14923429356844,26,23057,4,4,3,6,2056,12,793,530.0
2.469311128013258,5.136904097055078,3.2040749550764738,29.99730855083411,269.5279724977182,0,3,2,1,115.52765398645217,286.42664370127903,27,20775,3,4,3,5,2099,11,809,530.0
2.750728694493786,5.837993104114752,3.1508802099764095,28.055517117223168,268.77147526858823,0,2,1,1,87.96878743348306,306.09233092214765,23,21998,4,4,3,4,1949,11,837,530.0
3.6476799941183615,7.007133621495028,3.617758085025366,26.64549809756444,303.53277017895886,1,2,1,1,91.36737182846915,292.71476203833873,20,18672,4,3,2,6,2093,10,750,530.0
4.143787768100188,5.011580057511507,3.398861700282971,25.97109134527525,289.98228511267996,0,1,1,2,91.55874099684235,292.5553730656508,20,21677,5,3,3,5,2042,10,846,530.0
3.9805921301531937,5.833747929227861,5.179458916480504,29.920103744310932,282.55336498634927,0,2,2,1,95.08215724006796,298.2235864319285,20,23796,5,4,2,5,2074,11,750,530.0
2.8398016908378283,5.995421733977358,3.5480349683951107,31.197070245102303,261.65609025039475,0,2,1,1,95.73282681540755,324.94568211170446,30,18030,4,3,2,5,2007,10,786,530.0
4.8645958419895825,6.343489007344807,5.439663139547829,30.151234028329046,297.66532689549064,0,2,1,2,101.78221298618702,282.473483807792,20,23462,4,5,2,4,1914,11,767,530.0
4.213690750087306,7.299639041031901,3.842239479427767,29.242417065993266,306.8542358039492,1,2,1,2,86.39519053465766,306.0343818191589,24,19400,4,4,4,4,1994,12,783,530.0
3.663062157534202,5.865864985914903,3.4552947892217483,25.33560978745309,297.48387977851587,1,3,1,1,107.64986655143957,283.71574711158746,23,23249,4,3,2,5,2142,12,741,530.0
3.835162238703057,5.867383004740569,4.974246267856198,32.747910220755074,240.1095573634031,0,2,1,2,86.70266157218026,286.95343734957333,32,22071,3,4,2,5,1969,12,756,530.0
3.2588001872833696,6.843753120274371,4.64676943875219,31.389713533236595,284.5480959128385,0,1,2,1,92.4123392841819,299.7803323797804,33,18616,3,4,2,5,2178,12,761,530.0
2.7431929685034726,6.130544852224518,4.245489291132848,27.342576293607717,243.57947670094705,0,2,1,2,100.13380522424616,302.97070591058986,28,22634,4,3,2,5,1881,11,706,530.0
3.0679180359537845,5.561512057349955,4.388408877344078,32.83976263487081,258.03250542336053,0,2,1,1,111.8576224609391,291.64565837640356,34,20786,3,5,3,5,1953,12,811,530.0
4.273538331393107,6.131098790331734,4.798004445680659,29.815052717090577,244.16672902434402,0,2,2,1,109.57876932954909,294.2405708893487,22,18870,3,5,2,5,1940,12,725,530.0
2.0431804658892676,5.3521425509495,3.571136853328247,29.65938126565797,282.26568170645714,0,1,2,1,105.82137425642088,283.913515911517,33,22196,4,4,2,6,2113,12,718,530.0
2.3482179215207486,5.440967466265558,5.490834790141855,30.98458543543626,288.0612939444825,0,1,1,1,86.2309304232068,293.6448902729913,26,21604,3,3,3,4,1945,12,708,530.0
2.1380079260652582,6.2459194318487,5.436982905366958,31.4941583047211,248.01413466461335,0,3,1,1,101.88181382462311,323.49512977212447,30,19412,4,4,3,5,2122,11,760,530.0
2.1221864069569105,6.04731362376137,4.625814215867342,30.251828858652022,266.86872181314857,1,2,1,1,83.49786007199542,322.5118321752617,27,20739,4,4,3,4,1921,12,719,530.0
4.566381752033021,7.28711475267025,3.498856127322863,26.0247659709296,271.9365556268879,1,3,2,1,95.09452707186603,295.0695230561643,25,18940,5,3,3,5,2051,10,805,530.0
4.1109735781400705,5.905984747791583,4.700570606078228,27.706140047955987,265.8337115232642,0,2,1,2,96.54066121159836,305.6884271325443,31,18340,4,3,2,5,2142,10,749,530.0
3.4225214872619754,6.451470875695109,3.1804960224479397,32.4246691226084,248.4717500339635,1,2,2,1,81.59245757783015,320.9317925999925,32,20908,3,5,3,6,2186,10,780,530.0
2.2935024819530043,6.580660719798826,3.076631255514515,26.796924894750816,269.3263453131233,0,2,2,1,90.95952397879887,280.27827201884037,29,23139,4,3,2,4,2110,10,849,530.0
3.474847625350497,5.032736141470834,3.6442072212780343,27.977336190700107,292.5824633465893,0,3,1,1,118.22597869065957,316.4807606651916,32,22133,5,4,3,6,1888,10,840,530.0
3.420415312341697,6.6588434300417765,4.156557391848291,28.456615063553567,244.97053651732787,1,2,1,1,118.14530431318758,322.67662987550136,20,18659,5,4,3,4,1857,10,839,530.0
2.5196056097300454,5.4450899171743785,5.170681263520951,28.51523991755562,245.61260098573325,1,2,1,2,94.09308217010157,284.10965804501006,27,20033,4,4,2,5,1862,11,709,530.0
3.301554947713919,7.402675793673637,4.817922674415771,29.903516659956203,264.8339904285189,1,1,1,2,81.72400435793296,287.2651458714814,34,19560,4,3,3,4,2146,10,764,530.0
3.19551420319212,5.371656819382783,4.856766302999953,32.54460670195766,305.9207998133247,0,2,1,1,87.16379757312725,323.233583624711,29,21457,5,5,4,6,2107,12,707,530.0
3.8475502941566493,6.03656030931756,4.063733336120189,26.92554169466004,286.800085270604,0,2,2,1,95.6887117373416,304.18930646381557,22,19656,3,3,4,5,2181,10,848,530.0
3.9052809526029315,5.21337417019661,3.8648374813674073,25.972011010407343,287.5068969670795,1,1,2,2,117.9111879187692,280.63884855122757,27,20975,4,4,3,5,2079,11,721,530.0
2.1359120293161338,7.492185629614868,3.9275969074615067,26.5797639188795,265.33439935865056,0,1,1,1,85.6479625414874,291.5934399443588,31,19049,4,4,3,6,1871,10,717,530.0
3.1238378438794134,6.255487525828107,5.469123909340144,32.095399201674155,281.5562553845977,0,1,2,2,110.54063374672849,300.2474653420987,23,18453,3,4,2,4,1808,12,708,530.0
3.8775797471427094,6.488462543300109,3.100272978531206,30.16648650124165,240.70918288194204,0,1,1,1,84.34730157498768,311.18090099611453,27,19704,4,5,2,4,2165,12,753,530.0
3.509408775740263,5.167691193471069,5.167578740306121,27.28725431391328,284.52672324866796,0,1,1,2,119.25030309565108,312.99221701615596,30,23442,3,4,3,6,1893,11,725,530.0
4.569469523564967,6.874901175997945,4.446688521430984,31.52757551174894,303.93008633033656,0,2,1,1,95.26465996436539,324.7939680816455,20,20784,4,3,3,5,2172,11,793,530.0
3.976080894856835,5.524763982738964,4.096538547973976,31.89095997090749,282.8801427841373,0,3,2,1,111.00938155596225,292.93800397226914,22,18818,5,5,4,4,2138,11,799,530.0
2.488803281244289,7.245135723601784,4.813144151037841,31.772114709522224,301.1589015426442,1,2,2,2,93.70364331244528,304.2199045840814,25,22868,3,4,3,5,2135,11,725,530.0
2.2117062422012896,5.512849101205018,4.216672353561757,32.35141226911644,290.6781138826266,0,1,2,1,105.10675508635235,303.99955965368224,34,18012,5,3,3,5,1951,10,733,530.0
3.927257834618947,5.476719301659166,5.183558095204152,27.01792816138689,248.43908914825832,0,1,1,1,87.68064338960147,298.2540366751257,34,21979,3,3,3,4,2155,10,707,530.0
2.0795339316248653,5.091374169620237,5.251754660028146,31.040335429970227,303.1717315100089,0,2,1,1,85.8408407718785,287.6122852229089,28,18920,4,5,4,4,1839,12,837,530.0
3.75732674382039,6.1801673627749985,4.054302317183638,28.68431597819312,244.65106910490425,0,1,1,1,117.52256558272525,323.9855453432729,21,22920,3,3,3,4,2158,11,747,530.0
4.820690724274873,6.412102833156541,3.692069493087629,31.735988423120492,277.3777230783435,0,3,1,1,116.70589111617734,318.3992733999964,30,20418,5,4,3,5,1861,11,806,530.0
3.7264225336276366,5.164271598570881,4.480875821483405,30.827925417292906,249.94959866554203,0,2,2,1,115.49875760851529,302.4249862732407,20,19314,4,4,3,6,2053,10,753,530.0
3.164509778619566,6.938819041737526,5.280908364041728,31.211579571997795,240.8194627511633,1,2,2,1,105.01733800666373,307.14604402078135,34,21677,4,3,4,6,1868,11,818,530.0
3.9298646553270595,6.133222086870069,3.5266554725141663,30.249294701448573,269.54239820893474,0,1,2,1,112.33072844865113,290.2267474101848,29,20017,5,4,2,5,2197,12,842,530.0
3.3747586714745497,6.31097567331895,4.5574164589087065,26.419430155757656,260.65284953579095,1,2,1,2,82.761477476455,304.4704181676286,22,19228,4,3,4,4,2044,12,780,530.0
3.6368503679478046,6.10190686734557,4.578900550231301,29.360215351175505,274.0200345658322,0,1,1,1,93.39156167562717,311.2736559904664,23,22792,5,4,3,6,2164,11,845,530.0
4.824394426329576,6.001907652188315,4.832782556038202,32.87735791619607,280.40399207141854,0,3,1,1,92.54812499028625,303.1825162773965,30,23045,4,4,3,5,1969,12,795,530.0
3.158307913402323,6.399100828270544,3.3289192128181497,32.499104531976954,243.0617350616263,0,2,1,1,105.42581287810452,324.5628326763224,24,20434,5,4,3,4,1977,12,801,530.0
4.883571691471743,5.388100614826781,4.789562411705221,25.345389886376093,248.6102306586622,0,1,1,1,94.23831093882562,307.5103745311477,22,20868,4,4,3,6,1988,10,761,530.0
4.716051925868191,5.454820326238178,5.272581301664102,26.318518525835497,279.1049677515298,1,1,2,1,85.94027126574723,296.6938170666476,32,20515,3,5,2,5,2059,12,745,530.0
2.5873734043678893,7.154464052533793,3.4492077721756047,26.053830187636496,264.0217147220861,0,1,2,1,103.85868301654175,314.7468412427127,29,19438,4,4,4,5,1871,11,786,530.0
2.2080839026254964,7.365288655334082,3.593858312309694,30.807839279882366,291.04214412846136,0,2,1,1,112.57535682676325,287.6708130211739,30,22164,3,3,3,5,1816,11,798,530.0
2.30233400413228,5.933273290699383,5.428487735104099,31.54228263885556,285.6604154014358,1,1,1,1,95.28493977839892,297.303211616782,21,21543,4,3,3,4,2169,12,738,530.0
2.054665476954649,5.676861682858885,3.452442381773724,26.708090930485376,299.19230540929345,1,2,1,1,85.29074860393926,295.61315276699133,21,21175,4,4,2,4,2140,11,842,530.0
2.283328882267785,6.609998858097539,5.135962733423948,29.046821543614634,288.47449786684575,1,1,1,1,87.86752789251292,299.43131927984996,26,19781,4,5,3,5,1856,10,752,530.0
4.04902032024907,6.021835427745241,4.2306946411200865,31.7256242240896,270.0951754173104,0,2,2,1,89.49933220677536,315.1800921667927,28,20263,3,5,3,4,2017,12,779,530.0
2.213565945380687,5.063465889150862,3.6180776860079424,30.862412358130005,287.10766356761025,1,3,1,1,91.99590371978145,301.7877864473533,29,19969,3,5,3,5,1906,12,715,530.0
2.956926890881284,5.390381493415476,5.176874753181279,29.337897643934788,259.27668219787927,0,2,1,1,105.71180282025236,315.7306502619683,21,18211,4,3,3,5,2103,12,803,530.0
4.534625932908364,6.789930572118494,4.113263137506664,29.722781523670182,261.4419449144749,0,2,1,1,104.03781938150877,305.942000641294,26,18507,5,4,3,5,1972,11,769,530.0
2.0698158072074775,6.647309854775378,4.2870433848242255,29.06688437533024,295.22896119445556,0,1,2,2,107.84319446268157,295.39312455959,26,23617,4,4,4,5,2018,11,840,530.0
4.443405447766807,5.0677399812587085,3.898083423499414,27.380387610550564,271.24936614811077,0,1,1,1,94.50007938126052,316.4490434657563,30,18331,4,3,3,5,2046,12,807,530.0
2.8455643243201996,5.5549304048323735,4.482377128587318,29.52017594287213,295.8866238362847,0,2,1,1,112.95990607519913,290.7230351748891,26,18550,4,3,4,6,2017,11,746,530.0
2.3544944828649688,5.577686991470179,3.408809681462557,30.511082416400725,297.5695661567795,0,1,1,1,88.16350644623041,290.0972340909908,22,23720,4,5,2,5,2172,11,708,530.0
4.0902114960924525,6.679731858996821,3.9777038416294017,31.98658332688646,300.0293636362899,1,2,2,1,98.76162990072615,302.70263158246763,31,18941,3,3,3,4,1830,12,733,530.0
3.886828540339652,5.049276344385911,5.423530805838219,30.090330831833985,304.1644665088845,0,1,2,1,112.03754886165721,291.738216068294,26,18727,4,3,3,4,2167,12,785,530.0
4.632416040581159,5.260271454961434,3.6453335817528187,31.088972296345265,270.1689654359307,0,1,1,1,87.20634590930477,280.40891657280474,20,22975,3,3,3,5,1846,11,814,530.0
4.205213131411657,6.9997902134329735,4.64184166135323,26.280573079636582,262.3206772824797,0,1,2,2,84.39452454963131,309.17338872844607,29,20862,5,5,4,4,1933,12,763,530.0
4.410442791154546,5.446361655135834,3.812975160561737,28.692459795358317,280.75391226158797,1,3,2,1,115.34735870751959,302.9992219662579,20,21243,3,4,2,4,1907,12,733,530.0
2.8461037177139197,6.631865269629687,4.9336828142165015,25.074652958616745,265.98206964063394,0,1,2,2,93.71718651036784,300.04830165219227,24,18648,4,4,2,4,1871,12,711,530.0
2.5323186313391686,5.595456952616816,3.3271841517958745,26.973430916172983,282.0751916760163,0,2,2,1,107.35480499636128,323.5135831578242,34,23095,3,5,4,5,2126,12,796,530.0
4.251844254922575,5.248603481898363,5.4245526126963615,30.81169372090404,289.3910103850677,1,1,2,1,81.01394417055754,305.7039632783311,21,23617,3,3,2,6,1907,11,820,530.0
4.420504217801792,5.607930477498635,4.134473853459098,32.93447961079491,288.1883512944496,1,2,1,1,107.60187553637799,318.8544210005223,28,20737,4,4,3,4,2108,12,840,530.0
4.97151542600202,6.805667329639148,3.59012615836616,25.793424796697728,266.2187020914085,0,1,2,1,92.64405246187883,286.2752606292322,34,23708,3,3,3,5,2197,10,786,530.0
3.2378530307342794,7.139241170265715,3.183741868325032,28.211954526890306,251.6802141189127,0,3,1,1,82.22963414349766,305.61429084082425,26,20747,3,3,4,5,2071,12,801,530.0
3.1160542573783494,7.0755496614174795,3.424394762718852,31.400567749593275,270.1370536923545,1,3,2,1,104.39251046192467,319.05908320289063,23,19009,4,5,2,4,1970,10,795,530.0
4.32923888222599,5.992958824046137,4.299434871390044,26.63228507703119,249.98159008573361,0,1,1,1,89.63215264292693,306.2397590775954,23,19550,3,4,2,6,1915,12,813,530.0
3.0224106207590538,6.670212841426615,3.8425079410782157,29.44067959441829,302.3067924628666,0,3,2,2,95.4722896820752,312.3106380157151,21,18803,3,3,3,5,2128,10,746,530.0
4.792271976810694,5.512460738539552,5.072208414706523,30.8645703682374,264.21142225165,1,3,2,2,83.22323249146055,296.7419605515493,24,22080,5,3,4,5,1873,10,757,530.0
4.575238255529035,5.732869325652533,4.077218809154514,29.927883602081433,250.81218230563266,0,3,1,1,85.88653004379782,284.160228266668,23,22309,4,4,3,5,2055,12,832,530.0
3.2869820821250553,7.2408395463028,3.621785681469075,26.504197876923328,241.78134319340256,0,3,2,1,91.91908941983375,300.60551328071824,31,22264,5,3,3,4,1880,12,820,530.0
4.252613203374493,5.0325048087768405,4.542862466510075,27.843076549485914,285.2075670400539,0,1,1,1,83.59038002240628,297.75157258774857,32,21401,5,3,3,5,2067,12,817,530.0
4.263628622254047,5.21377132713617,4.766943042213614,31.27033427588318,284.583162221832,0,2,2,1,116.43305058745261,319.01770820705264,20,23073,4,3,4,4,1927,10,704,530.0
2.309371606507798,5.519715637865068,3.4176047697523746,29.433812113056135,263.8422916606904,0,1,1,1,80.24188172735914,290.97978860586124,31,23424,3,3,4,6,2125,11,795,530.0
4.7076587200387,5.0663305096845495,3.419048040720794,25.041836908343303,245.01983221933557,1,1,1,1,99.35440875457246,323.50304023907984,27,22241,4,5,4,5,2034,11,720,530.0
3.5157571173435715,5.453588587724493,3.0916785673338576,31.08792608022475,268.6740226426662,0,3,2,1,84.92989832530206,323.11621539120233,22,23894,5,3,2,5,1840,12,827,530.0
4.479372398323225,6.45760390242423,4.841005037664101,25.282490839521913,261.78522465443757,0,1,1,1,92.30716357911794,291.14342393821477,33,22611,4,3,2,4,1980,11,823,530.0
2.960148803091835,6.053561376481245,4.659511319054513,30.965870261849858,287.3984447814507,0,2,2,2,117.04238239273062,295.66233799647944,25,21161,4,4,3,5,1956,11,845,530.0
4.686569685488601,7.231679277692438,4.1865771893745345,26.6198444813219,282.4045474616883,0,3,1,1,86.46778213095948,320.30000833932485,23,22548,3,5,4,5,1858,12,720,530.0
3.1676050362024895,7.043608904346103,5.110426122422993,32.66458784095504,265.5215609738278,1,3,1,2,118.63329278873331,323.49799994032486,28,22155,5,3,2,5,2144,10,753,530.0
2.032512954440895,5.85454337924469,5.014175382375133,27.943526010416676,255.2524787978493,0,3,1,1,88.23177507957686,299.95475962762197,26,18527,4,3,2,5,2048,12,837,530.0
4.716145929257791,5.6485585835782315,4.46338591099188,27.615452930704635,309.16251763089144,0,1,1,1,109.66264433867318,294.4448670538404,28,21298,5,3,3,5,1991,11,803,530.0
2.2738600303584007,5.949231020418168,5.170678201283147,26.19110440265956,271.78011348372803,0,1,1,1,101.86709059589248,303.6742305963194,29,19023,3,4,2,6,1823,10,810,530.0
2.9579409127712446,6.475737356287019,3.5146030250919207,27.444833723921718,288.1791965046166,0,2,1,1,115.37914910387036,310.9496142864581,22,23660,3,4,3,5,2199,11,815,530.0
4.850185901152415,5.670159102057191,3.27979904849432,32.0132060946256,249.83870773048525,0,1,1,1,102.15973022012524,292.3063531918741,20,21734,3,5,3,6,1879,10,756,530.0
4.851821440812668,6.560372269622835,3.674374028792474,32.97067470101798,273.99127897615784,1,1,1,1,101.38236876625234,313.1412928578583,24,23198,4,5,3,6,1933,11,827,530.0
3.720313664369858,6.023529130478101,3.142717140223287,27.946476244054786,241.92757039086257,1,1,2,1,87.818320014736,282.32458107015884,22,18432,3,4,3,5,2012,12,849,530.0
3.895511636509398,6.38011795212995,4.32792382000258,28.58888504763634,275.3818582537315,0,2,2,1,86.64917448206634,282.21825217439874,25,19176,3,4,3,4,2187,11,819,530.0
3.3453365659349594,6.090316322838292,5.3415142307374035,30.776567505621898,307.4812184982392,0,2,1,1,116.65956604462056,297.3829467315495,27,18400,5,4,3,5,2147,11,769,530.0
2.8796323150941934,5.736164398854794,3.098358851671274,32.0895662437206,266.89446990900603,1,1,2,1,93.11352795400137,295.9062936427324,30,20104,3,3,3,6,1965,10,794,530.0
2.9859936361097477,7.3711332674053915,3.305274785025067,29.74435467349427,242.7297208802438,1,2,1,1,94.88329019851584,294.2034946915218,32,21050,5,5,3,4,2147,11,798,530.0
4.017555368231115,6.9090144853994016,4.130497570708588,28.132205585422636,242.16690536435405,0,1,2,1,110.39294633713553,302.0958893201009,23,20233,4,3,3,5,2136,12,741,530.0
4.25712358831304,5.3502829394161315,5.334687543819762,28.30097472678899,267.1590731962809,0,1,2,1,93.5529392969123,294.4330112040207,24,20445,5,3,2,6,2197,12,769,530.0
4.374737131177546,7.171169939744782,3.790390262441876,30.564945171974454,251.20174555242357,0,2,2,1,118.0824978655601,288.65160633106416,24,22700,4,4,2,5,1870,12,701,530.0
4.368854428383662,6.218577995623784,4.268087021720981,25.02574610883423,241.63464674297302,1,2,1,2,109.517110759952,293.92612970898705,23,20835,5,3,2,5,2013,10,844,530.0
2.2736183091460713,7.236380567235228,3.1039321476259802,29.956714699678727,292.93495297651236,1,2,2,1,103.8971697029368,323.87069227646055,23,23906,5,4,2,4,1864,10,808,530.0
3.4832609141077446,6.9996381398682885,3.370858002405222,27.843944083530857,272.09661062173234,0,1,1,2,115.2358064217901,298.5001037647682,23,23559,3,4,3,4,2020,11,764,530.0
2.1726762800499326,6.063033761173084,5.466575307397117,31.353578650216676,260.24713403808585,0,3,2,1,81.98423633397931,300.01207495862513,23,20513,3,4,4,5,2107,11,769,530.0
3.6485866469712067,5.0561732708002936,5.412796741090114,25.743925118585057,303.0058228111536,1,2,1,1,90.28250768756835,305.9445245478013,23,19773,3,5,3,4,2085,11,768,530.0
3.3245915041201313,5.671693398462365,3.012349952336024,29.705618135587123,248.1297272140368,1,2,2,1,98.6014533688364,324.2503345786402,24,23649,4,3,3,4,1984,10,820,530.0
4.663112548274899,6.354085536652168,5.3795294635580975,28.84778311908899,306.91431802687237,1,2,2,1,89.07914157886084,290.8720574396093,21,19096,5,4,3,6,2006,10,808,530.0
3.052745037656236,6.583695549565368,4.597799844538751,30.13860420724182,261.9776702164147,1,3,2,1,109.75620749208608,310.6576949739595,21,18928,4,4,3,5,1898,11,759,530.0
2.3512010492828175,5.644719213583006,5.169795736300055,25.518828755863748,302.1882570616077,0,2,1,2,116.768321242149,312.21931120937757,28,19951,4,4,3,6,2041,10,792,530.0
2.4289750461585076,5.34839018518206,4.136849639084648,29.63987029942505,282.2060013535623,0,2,2,1,96.95080479723694,307.329598755688,21,19973,3,4,2,6,1957,10,711,530.0
4.2845318951524165,7.087325591998248,4.288990071448126,29.49187670367619,297.86951518190415,0,3,1,1,93.6853040044758,283.986025283649,25,19554,5,3,2,4,1897,12,802,530.0
3.854654189948783,7.46100545175888,4.2221164506423,29.485280755329367,308.8809214247325,0,2,2,1,118.46202928550265,310.45925241224097,21,20778,5,4,3,4,1841,12,811,530.0
2.3033680283683706,6.314225455756715,4.667160643865261,29.82790133277164,260.1883806473122,0,2,1,2,97.79409731310163,282.8842619966279,24,22421,3,3,4,5,1938,11,764,530.0
2.2523204183449925,5.429198214620759,3.349128136890782,30.411743497810896,307.2794839785315,1,2,1,1,99.56193601797133,306.82641922974534,23,18994,4,5,2,5,2082,11,747,530.0
4.10290739437736,5.680768316298423,3.074933974681695,31.43991199744616,267.2637326431694,0,1,1,1,94.06599489367622,313.2811529749784,31,18612,3,3,2,4,2026,12,787,530.0
2.2182890190925804,5.045976691368667,3.769824853977977,27.158565761025713,266.98583333158456,1,1,1,1,116.38193892048554,289.4936450778978,26,20593,4,4,3,5,1871,10,761,530.0
4.465580177871068,7.285747016401247,4.761701906841617,31.6003952814405,263.8270972978154,0,2,1,2,102.75821933127403,317.87299033942486,34,18595,4,3,2,4,2042,11,743,530.0
4.1187266814694885,5.294377707225353,3.504633630307371,28.98604545810763,277.89853251433095,1,3,1,2,110.48698348726579,281.3659212489852,26,23016,3,3,4,6,1817,11,846,530.0
2.2440463419256993,6.441291188785634,4.683581083312293,25.61646623307465,250.7901530224941,0,3,1,1,112.47226873403545,317.9715788646238,32,18841,4,4,3,4,1876,11,835,530.0
2.2545131422555755,5.685138051718015,5.424780115268176,25.468407433951832,278.7598039750608,0,1,2,2,93.67396167669033,300.7148072789244,25,23321,4,5,4,4,1844,10,754,530.0
4.959918735503527,6.385445006289483,3.234751789473546,27.673906549568486,277.91933686870027,0,2,2,2,97.3477732528152,289.791457296924,29,22439,4,4,3,4,2170,12,807,530.0
3.122812387268361,6.628550970879661,4.681505295562816,31.27917581689174,293.3331268823409,0,1,1,1,113.93887097625058,286.02001652472853,24,23972,4,5,3,6,2142,11,746,530.0
3.111926441200673,7.074354509268004,4.109375548261427,30.661447477927325,298.35549733563096,1,3,1,1,94.5302140670324,322.89882254120675,20,18858,3,4,3,5,1939,12,701,530.0
4.438398701772508,5.516053179401508,5.170355635943763,31.30891971737925,270.8308945218697,1,3,1,1,111.75740533807405,283.26995144115205,31,23519,4,4,3,6,1976,12,812,530.0
4.841745732151576,5.027489571646202,3.4428744736184647,29.138152451532875,261.16332745460454,0,2,1,2,117.63969290297749,288.95920389711665,34,18444,4,3,3,5,2021,10,710,530.0
4.958003191468613,5.342214075172018,4.731564880565411,28.521591983643923,258.1534428121966,0,3,2,1,104.92841492272028,295.65200563448707,22,19788,4,5,2,5,1891,10,837,530.0
4.260134555776824,7.2500466046202625,5.095288224120276,26.17962021365027,253.62366856934102,0,2,2,2,109.66509149807555,307.9105682032504,28,22317,3,3,3,4,1821,10,811,530.0
3.128778756592747,7.184725193906289,5.361535548685058,27.62554202887449,244.03533075393173,0,2,1,1,112.2038924816454,304.5160488374244,34,21454,4,5,3,5,1971,10,789,530.0
2.2505021500960063,6.493532755425771,4.708120070724115,28.472154929391003,263.97135851842995,1,1,1,2,113.8015859558657,285.65395715855414,33,21952,5,5,4,5,1891,10,754,530.0
4.3314407477823105,6.501292151084133,4.2429369100210685,25.708803437436938,258.91733844915484,1,2,1,1,95.80213351427184,293.03775926821965,20,22687,3,5,3,5,1991,10,847,530.0
3.6752127492074154,6.662591686365639,4.544618100503035,26.76489562168969,307.6492170106485,0,2,2,1,82.05053836703993,290.7438296988711,24,19030,4,4,3,4,1876,11,716,530.0
3.2726660277409287,5.438428196558624,5.172262461196795,29.78580235250991,279.0396178375031,1,2,2,2,96.07505084946958,289.60942845206534,21,19295,3,4,2,6,2080,12,767,530.0
4.719063155284208,7.2860298648124,4.426524366597074,30.88530491391352,264.3093927321355,0,1,1,2,106.95024919136358,298.50149514159943,23,23113,4,4,3,4,2163,10,832,530.0
2.333592446918454,6.046926312230183,3.075967649242092,32.9867800911436,280.6327320695587,1,3,1,2,98.01401543123171,311.68141536662455,33,20063,3,3,3,6,1978,11,751,530.0
3.4778753128725777,5.9578463206237435,5.327371738767445,32.46490665074846,249.74376909419868,0,1,2,1,109.95852603441594,289.7853819497756,33,19447,4,4,4,4,2037,12,837,530.0
2.034060934302257,6.297294263207094,4.723816877578903,30.14052159628153,271.0830624441542,1,2,2,1,94.27929717874656,296.5005495866342,30,20045,4,3,4,5,1934,10,796,530.0
3.405981925982379,5.117414916937638,4.691283464443116,28.369984426352577,283.83640249947445,1,2,1,1,105.38976564416117,297.5912842078523,20,22619,4,4,2,5,2164,10,747,530.0
2.1689098270455123,5.415708421890199,3.5391878809942927,30.08941891766586,274.2228482254716,0,2,1,1,87.45679219415898,323.9405438245935,22,20850,4,3,4,5,2189,11,728,530.0
2.3564537488042157,6.845084041065926,4.647213675581643,31.285212944641856,268.1245160458027,1,2,1,1,109.97477746579827,322.9599860595581,29,21824,4,3,2,5,2079,12,726,530.0
2.3525787403313148,5.206996669812816,3.984661014135396,25.9466895273871,309.5693872229789,0,1,1,1,101.82783875252103,316.0061912238434,26,20068,4,3,3,5,1818,10,845,530.0
3.9476309063481905,6.50788027366597,4.628082442603731,28.279239117570306,301.6220333504249,0,1,1,1,88.16257554186402,290.87465143686336,29,21761,3,4,3,5,1882,12,803,530.0
4.23813463779627,5.613372774203302,3.266482575769977,31.718418285084937,283.6384170711608,0,2,1,2,91.6764469399123,283.06167913412514,34,20275,3,4,2,5,2027,11,759,530.0
3.750106295291479,5.973239035104942,4.64461326150759,28.07066361546435,279.85641528275977,1,2,1,1,109.94434834327329,294.26068619742813,22,19808,5,3,3,5,2170,10,805,530.0
4.886517645423625,5.72173434192675,5.498534314426666,29.57497816981749,283.4462335877209,1,1,1,1,99.30404942646084,292.0057547245224,23,19311,3,4,2,6,2064,12,768,530.0
3.124611738571112,5.889181791162373,3.12053009715139,29.702154886897585,254.09184754757032,1,2,2,1,88.64125761572289,302.7666610065877,21,22055,4,3,2,4,1911,11,813,530.0
2.857136258845582,6.797614762960613,5.442935460553294,26.475810025069116,267.6596420285023,1,2,1,1,118.6908476148119,314.99775595305067,22,23402,5,4,3,5,2050,11,720,530.0
4.605797384568381,5.742804289057938,4.017269901807176,27.897883533218305,242.76216730236294,0,2,1,1,108.60500079267553,318.6245322495486,28,20451,3,4,3,5,1963,10,801,530.0
2.670787515558358,6.416011600742243,5.176883625843148,27.676090309935457,273.2882226240779,1,3,1,2,118.28539330159185,318.0188838434729,22,19089,4,4,4,5,2157,12,830,530.0
4.889667618321834,6.190126005497749,4.955963710145683,25.209573668256517,278.0117208770364,0,1,1,2,97.08420181441373,296.1854002550381,30,19672,4,4,3,5,1967,10,794,530.0
2.0364634240694492,6.65917791340662,4.41754065246667,25.19353411113084,255.9424815272247,0,1,2,2,99.00401362766883,310.92554545573074,24,21675,5,3,3,5,2020,10,804,530.0
4.909636480122917,7.342074348311895,4.8461230231283166,31.653576349406187,307.482019301586,0,2,1,2,115.91820864740077,294.0775388885899,21,22532,5,4,3,4,2103,12,824,530.0
2.1294797358517283,6.8314302430256255,5.19628890325337,27.1845664797825,303.6618227656069,1,2,1,1,101.0019736098154,282.7407494455832,23,22924,4,4,2,4,1990,12,701,530.0
4.673429341094213,5.5373509464768915,4.010350804127582,29.144630129910524,290.5500264819134,1,2,2,1,108.29115647622669,311.5704369521324,31,22354,3,4,2,4,2124,12,765,530.0
3.5831033272588995,5.077957837653211,3.8175829039080966,27.389804588710184,277.3370640135754,0,3,1,1,90.0869150998212,280.44223986564043,32,20003,4,4,3,5,1969,11,812,530.0
4.978894388357901,5.6556601107495625,4.668983463908962,32.525433960922726,300.89784117533793,0,3,2,1,97.86905874810563,298.41321643563197,26,22198,4,3,3,5,2174,11,741,530.0
2.221389694206197,6.487694826750637,5.019614854853146,27.07437407092619,249.1456640676424,1,3,1,1,84.9379946324142,294.8220671185934,33,23088,4,4,3,6,1844,12,719,530.0
3.6615628532039626,5.128564533710626,4.9057128369415395,28.437254501911482,295.33568559924197,0,2,1,1,88.23920143507847,311.20198923334834,26,22864,3,4,3,5,2180,11,796,530.0
4.907907606857297,6.240915618003091,4.994534122146586,31.981842003876814,248.7374569776794,1,2,1,1,80.03773661070524,314.4810462742171,31,19124,3,3,3,4,1813,10,767,530.0
3.5692935325104465,6.492107122292223,4.088958287032332,31.73546853433447,295.59474637845835,1,2,1,1,81.5706020659464,293.68425861870776,22,19221,4,3,2,6,2030,12,774,530.0
3.8881959144057876,5.835609727042402,5.044585540437554,26.48881134277022,259.303729777595,0,1,2,1,119.09135292707717,316.5232156500184,24,20860,4,3,2,6,1956,10,824,530.0
4.087246066953852,6.927280509364555,3.300522638426521,31.421146478365685,301.3963406712732,0,2,2,1,89.6941478054705,293.226254222722,20,20273,4,5,4,5,1933,12,746,530.0
3.3636231943033197,5.266495632834429,4.361222744902124,28.66549509390314,306.08294656777787,1,1,1,1,106.53242838016007,300.08468619939526,29,20990,4,4,3,5,2190,10,704,530.0
3.8826742402521903,5.187844454339522,3.014396651245304,28.86375097668284,250.4157178583581,1,3,1,1,113.56398795198446,312.71583371563605,29,20510,5,3,4,6,1836,12,748,530.0
3.7529429357693007,6.820471890509008,3.8114645747506755,26.06783977932755,272.38729235457754,0,2,2,1,102.02641836946256,311.1814103151155,29,18236,4,3,2,5,1852,10,823,530.0
4.703474031472966,6.238728290515496,3.916153837178495,25.644812110056996,308.66911647138795,1,2,2,2,86.12578000335824,324.431581254049,30,19144,3,4,4,6,1817,12,736,530.0
2.1363391410243735,6.72100599106934,3.9904317290231384,30.82351445579012,273.8385205181203,0,1,1,1,109.12465749344665,290.13224608971694,20,21253,3,5,2,4,1837,12,845,530.0
2.842889568776691,6.087068346509366,4.738668016724656,28.9716892188424,300.4483265760182,0,1,1,1,104.01005640398333,309.8043061092812,24,21782,3,3,2,4,1986,11,718,530.0
4.851234452229676,5.616005083097767,3.9713952531758645,28.494805620921436,281.2112065491924,1,1,1,2,109.250023573895,307.43568587241,32,18766,5,3,4,5,2184,10,739,530.0
4.670791351672749,7.047755794185499,4.121734056556327,30.836065829219173,266.2730935543721,1,2,2,1,110.78986491428348,321.17943045205135,29,20681,4,5,2,5,1995,11,716,530.0
3.3669702583571386,6.998539697422448,3.5938603271858187,31.124103191928878,260.0048488868109,0,1,1,1,119.0164147073898,287.0362963740194,28,23086,4,3,3,6,2042,10,798,530.0
3.8603977934046103,6.736741177136067,3.93312947907335,26.271265341354827,254.2256163760261,1,2,1,1,102.94253120106839,313.830917361412,20,20665,4,3,2,6,2099,11,792,530.0
2.832143548943398,5.6803628430749065,3.5681740681578784,29.88180119582113,293.3258733964388,0,3,2,1,93.66564450762408,305.5720877320946,20,19759,4,5,3,5,2102,12,741,530.0
2.564363479171284,6.475576667172717,3.182989809421109,26.082832658221484,267.05783547761195,0,3,1,2,105.93858227600948,292.35996414045576,23,21491,5,4,4,4,1834,11,822,530.0
3.3910952148199467,5.902434742350067,4.508621483453445,31.011000688232365,275.7892823540526,0,2,1,2,82.73762836970505,301.34957113662284,23,20815,4,3,3,6,2014,11,806,530.0
3.0600566840781585,5.228955183316585,4.670531996387541,30.255641250137117,274.46278360008273,1,1,1,1,115.89589273286344,295.0199468681409,21,21513,3,3,3,5,2018,12,771,530.0
3.750968335552616,7.293283938655607,4.5487258650240365,32.65291696866766,280.4095320463192,0,3,1,1,84.77524045352787,306.06910312548075,28,18495,3,3,2,4,2115,11,764,530.0
2.2332039108949546,5.3420465772974035,4.158735109501431,25.55166413085137,300.59040019371866,0,3,1,1,93.11371351543274,320.00502748665997,33,23143,4,3,3,5,1889,12,808,530.0
4.923184422998499,7.3755933845520065,3.9494644504480743,25.456437769210034,308.65175405084005,0,1,1,1,112.62981522504484,305.61872429854907,28,21180,5,5,3,5,2107,10,752,530.0
4.958632233438808,6.115014432394889,5.1583341239295635,27.2574965975456,268.5308946001672,1,2,1,1,103.89249513322846,308.4275088246963,32,23822,4,4,2,5,2051,11,834,530.0
